{"display":{"thirdperson_righthand":{"rotation":[64,0,0],"translation":[-6.25,8.25,0.5]},"head":{"rotation":[-6.5,0,0],"translation":[0,29,0],"scale":[0.43,0.42,0.44]}},"textures":{"2":"models/jw/keys/piano_key_pressed"},"elements":[{"from":[6.75,0,6],"to":[9.5,4,10],"faces":{"north":{"uv":[4,0,7,4],"texture":"#2","tintindex":0},"east":{"uv":[0,0,4,4],"texture":"#2","tintindex":0},"south":{"uv":[4,4,7,8],"texture":"#2","tintindex":0},"west":{"uv":[0,4,4,8],"texture":"#2","tintindex":0},"up":{"uv":[10,4,7,0],"texture":"#2","tintindex":0},"down":{"uv":[10,4,7,8],"texture":"#2","tintindex":0}}}]}