{"1.0":{"sounds":[{"name":"soma/1/d/0"}]},"1c.0":{"sounds":[{"name":"soma/1/c/0"}]},"1.1":{"sounds":[{"name":"soma/1/d/1"}]},"1c.1":{"sounds":[{"name":"soma/1/c/1"}]},"1.2":{"sounds":[{"name":"soma/1/d/2"}]},"1c.2":{"sounds":[{"name":"soma/1/c/2"}]},"1.3":{"sounds":[{"name":"soma/1/d/3"}]},"1c.3":{"sounds":[{"name":"soma/1/c/3"}]},"1.4":{"sounds":[{"name":"soma/1/d/4"}]},"1c.4":{"sounds":[{"name":"soma/1/c/4"}]},"1.5":{"sounds":[{"name":"soma/1/d/5"}]},"1c.5":{"sounds":[{"name":"soma/1/c/5"}]},"1.6":{"sounds":[{"name":"soma/1/d/6"}]},"1c.6":{"sounds":[{"name":"soma/1/c/6"}]},"1.7":{"sounds":[{"name":"soma/1/d/7"}]},"1c.7":{"sounds":[{"name":"soma/1/c/7"}]},"1.8":{"sounds":[{"name":"soma/1/d/8"}]},"1c.8":{"sounds":[{"name":"soma/1/c/8"}]},"1.9":{"sounds":[{"name":"soma/1/d/9"}]},"1c.9":{"sounds":[{"name":"soma/1/c/9"}]},"1.10":{"sounds":[{"name":"soma/1/d/10"}]},"1c.10":{"sounds":[{"name":"soma/1/c/10"}]},"1.11":{"sounds":[{"name":"soma/1/d/11"}]},"1c.11":{"sounds":[{"name":"soma/1/c/11"}]},"1.12":{"sounds":[{"name":"soma/1/d/12"}]},"1c.12":{"sounds":[{"name":"soma/1/c/12"}]},"1.13":{"sounds":[{"name":"soma/1/d/13"}]},"1c.13":{"sounds":[{"name":"soma/1/c/13"}]},"1.14":{"sounds":[{"name":"soma/1/d/14"}]},"1c.14":{"sounds":[{"name":"soma/1/c/14"}]},"1.15":{"sounds":[{"name":"soma/1/d/15"}]},"1c.15":{"sounds":[{"name":"soma/1/c/15"}]},"1.16":{"sounds":[{"name":"soma/1/d/16"}]},"1c.16":{"sounds":[{"name":"soma/1/c/16"}]},"1.17":{"sounds":[{"name":"soma/1/d/17"}]},"1c.17":{"sounds":[{"name":"soma/1/c/17"}]},"1.18":{"sounds":[{"name":"soma/1/d/18"}]},"1c.18":{"sounds":[{"name":"soma/1/c/18"}]},"1.19":{"sounds":[{"name":"soma/1/d/19"}]},"1c.19":{"sounds":[{"name":"soma/1/c/19"}]},"1.20":{"sounds":[{"name":"soma/1/d/20"}]},"1c.20":{"sounds":[{"name":"soma/1/c/20"}]},"1.21":{"sounds":[{"name":"soma/1/d/21"}]},"1c.21":{"sounds":[{"name":"soma/1/c/21"}]},"1.22":{"sounds":[{"name":"soma/1/d/22"}]},"1c.22":{"sounds":[{"name":"soma/1/c/22"}]},"1.23":{"sounds":[{"name":"soma/1/d/23"}]},"1c.23":{"sounds":[{"name":"soma/1/c/23"}]},"1.24":{"sounds":[{"name":"soma/1/d/24"}]},"1c.24":{"sounds":[{"name":"soma/1/c/24"}]},"1.25":{"sounds":[{"name":"soma/1/d/25"}]},"1c.25":{"sounds":[{"name":"soma/1/c/25"}]},"1.26":{"sounds":[{"name":"soma/1/d/26"}]},"1c.26":{"sounds":[{"name":"soma/1/c/26"}]},"1.27":{"sounds":[{"name":"soma/1/d/27"}]},"1c.27":{"sounds":[{"name":"soma/1/c/27"}]},"1.28":{"sounds":[{"name":"soma/1/d/28"}]},"1c.28":{"sounds":[{"name":"soma/1/c/28"}]},"1.29":{"sounds":[{"name":"soma/1/d/29"}]},"1c.29":{"sounds":[{"name":"soma/1/c/29"}]},"1.30":{"sounds":[{"name":"soma/1/d/30"}]},"1c.30":{"sounds":[{"name":"soma/1/c/30"}]},"1.31":{"sounds":[{"name":"soma/1/d/31"}]},"1c.31":{"sounds":[{"name":"soma/1/c/31"}]},"1.32":{"sounds":[{"name":"soma/1/d/32"}]},"1c.32":{"sounds":[{"name":"soma/1/c/32"}]},"1.33":{"sounds":[{"name":"soma/1/d/33"}]},"1c.33":{"sounds":[{"name":"soma/1/c/33"}]},"1.34":{"sounds":[{"name":"soma/1/d/34"}]},"1c.34":{"sounds":[{"name":"soma/1/c/34"}]},"1.35":{"sounds":[{"name":"soma/1/d/35"}]},"1c.35":{"sounds":[{"name":"soma/1/c/35"}]},"1.36":{"sounds":[{"name":"soma/1/d/36"}]},"1c.36":{"sounds":[{"name":"soma/1/c/36"}]},"1.37":{"sounds":[{"name":"soma/1/d/37"}]},"1c.37":{"sounds":[{"name":"soma/1/c/37"}]},"1.38":{"sounds":[{"name":"soma/1/d/38"}]},"1c.38":{"sounds":[{"name":"soma/1/c/38"}]},"1.39":{"sounds":[{"name":"soma/1/d/39"}]},"1c.39":{"sounds":[{"name":"soma/1/c/39"}]},"1.40":{"sounds":[{"name":"soma/1/d/40"}]},"1c.40":{"sounds":[{"name":"soma/1/c/40"}]},"1.41":{"sounds":[{"name":"soma/1/d/41"}]},"1c.41":{"sounds":[{"name":"soma/1/c/41"}]},"1.42":{"sounds":[{"name":"soma/1/d/42"}]},"1c.42":{"sounds":[{"name":"soma/1/c/42"}]},"1.43":{"sounds":[{"name":"soma/1/d/43"}]},"1c.43":{"sounds":[{"name":"soma/1/c/43"}]},"1.44":{"sounds":[{"name":"soma/1/d/44"}]},"1c.44":{"sounds":[{"name":"soma/1/c/44"}]},"1.45":{"sounds":[{"name":"soma/1/d/45"}]},"1c.45":{"sounds":[{"name":"soma/1/c/45"}]},"1.46":{"sounds":[{"name":"soma/1/d/46"}]},"1c.46":{"sounds":[{"name":"soma/1/c/46"}]},"1.47":{"sounds":[{"name":"soma/1/d/47"}]},"1c.47":{"sounds":[{"name":"soma/1/c/47"}]},"1.48":{"sounds":[{"name":"soma/1/d/48"}]},"1c.48":{"sounds":[{"name":"soma/1/c/48"}]},"1.49":{"sounds":[{"name":"soma/1/d/49"}]},"1c.49":{"sounds":[{"name":"soma/1/c/49"}]},"1.50":{"sounds":[{"name":"soma/1/d/50"}]},"1c.50":{"sounds":[{"name":"soma/1/c/50"}]},"1.51":{"sounds":[{"name":"soma/1/d/51"}]},"1c.51":{"sounds":[{"name":"soma/1/c/51"}]},"1.52":{"sounds":[{"name":"soma/1/d/52"}]},"1c.52":{"sounds":[{"name":"soma/1/c/52"}]},"1.53":{"sounds":[{"name":"soma/1/d/53"}]},"1c.53":{"sounds":[{"name":"soma/1/c/53"}]},"1.54":{"sounds":[{"name":"soma/1/d/54"}]},"1c.54":{"sounds":[{"name":"soma/1/c/54"}]},"1.55":{"sounds":[{"name":"soma/1/d/55"}]},"1c.55":{"sounds":[{"name":"soma/1/c/55"}]},"1.56":{"sounds":[{"name":"soma/1/d/56"}]},"1c.56":{"sounds":[{"name":"soma/1/c/56"}]},"1.57":{"sounds":[{"name":"soma/1/d/57"}]},"1c.57":{"sounds":[{"name":"soma/1/c/57"}]},"1.58":{"sounds":[{"name":"soma/1/d/58"}]},"1c.58":{"sounds":[{"name":"soma/1/c/58"}]},"1.59":{"sounds":[{"name":"soma/1/d/59"}]},"1c.59":{"sounds":[{"name":"soma/1/c/59"}]},"1.60":{"sounds":[{"name":"soma/1/d/60"}]},"1c.60":{"sounds":[{"name":"soma/1/c/60"}]},"1.61":{"sounds":[{"name":"soma/1/d/61"}]},"1c.61":{"sounds":[{"name":"soma/1/c/61"}]},"1.62":{"sounds":[{"name":"soma/1/d/62"}]},"1c.62":{"sounds":[{"name":"soma/1/c/62"}]},"1.63":{"sounds":[{"name":"soma/1/d/63"}]},"1c.63":{"sounds":[{"name":"soma/1/c/63"}]},"1.64":{"sounds":[{"name":"soma/1/d/64"}]},"1c.64":{"sounds":[{"name":"soma/1/c/64"}]},"1.65":{"sounds":[{"name":"soma/1/d/65"}]},"1c.65":{"sounds":[{"name":"soma/1/c/65"}]},"1.66":{"sounds":[{"name":"soma/1/d/66"}]},"1c.66":{"sounds":[{"name":"soma/1/c/66"}]},"1.67":{"sounds":[{"name":"soma/1/d/67"}]},"1c.67":{"sounds":[{"name":"soma/1/c/67"}]},"1.68":{"sounds":[{"name":"soma/1/d/68"}]},"1c.68":{"sounds":[{"name":"soma/1/c/68"}]},"1.69":{"sounds":[{"name":"soma/1/d/69"}]},"1c.69":{"sounds":[{"name":"soma/1/c/69"}]},"1.70":{"sounds":[{"name":"soma/1/d/70"}]},"1c.70":{"sounds":[{"name":"soma/1/c/70"}]},"1.71":{"sounds":[{"name":"soma/1/d/71"}]},"1c.71":{"sounds":[{"name":"soma/1/c/71"}]},"1.72":{"sounds":[{"name":"soma/1/d/72"}]},"1c.72":{"sounds":[{"name":"soma/1/c/72"}]},"1.73":{"sounds":[{"name":"soma/1/d/73"}]},"1c.73":{"sounds":[{"name":"soma/1/c/73"}]},"1.74":{"sounds":[{"name":"soma/1/d/74"}]},"1c.74":{"sounds":[{"name":"soma/1/c/74"}]},"1.75":{"sounds":[{"name":"soma/1/d/75"}]},"1c.75":{"sounds":[{"name":"soma/1/c/75"}]},"1.76":{"sounds":[{"name":"soma/1/d/76"}]},"1c.76":{"sounds":[{"name":"soma/1/c/76"}]},"1.77":{"sounds":[{"name":"soma/1/d/77"}]},"1c.77":{"sounds":[{"name":"soma/1/c/77"}]},"1.78":{"sounds":[{"name":"soma/1/d/78"}]},"1c.78":{"sounds":[{"name":"soma/1/c/78"}]},"1.79":{"sounds":[{"name":"soma/1/d/79"}]},"1c.79":{"sounds":[{"name":"soma/1/c/79"}]},"1.80":{"sounds":[{"name":"soma/1/d/80"}]},"1c.80":{"sounds":[{"name":"soma/1/c/80"}]},"1.81":{"sounds":[{"name":"soma/1/d/81"}]},"1c.81":{"sounds":[{"name":"soma/1/c/81"}]},"1.82":{"sounds":[{"name":"soma/1/d/82"}]},"1c.82":{"sounds":[{"name":"soma/1/c/82"}]},"1.83":{"sounds":[{"name":"soma/1/d/83"}]},"1c.83":{"sounds":[{"name":"soma/1/c/83"}]},"1.84":{"sounds":[{"name":"soma/1/d/84"}]},"1c.84":{"sounds":[{"name":"soma/1/c/84"}]},"1.85":{"sounds":[{"name":"soma/1/d/85"}]},"1c.85":{"sounds":[{"name":"soma/1/c/85"}]},"1.86":{"sounds":[{"name":"soma/1/d/86"}]},"1c.86":{"sounds":[{"name":"soma/1/c/86"}]},"1.87":{"sounds":[{"name":"soma/1/d/87"}]},"1c.87":{"sounds":[{"name":"soma/1/c/87"}]},"1.88":{"sounds":[{"name":"soma/1/d/88"}]},"1c.88":{"sounds":[{"name":"soma/1/c/88"}]},"1.89":{"sounds":[{"name":"soma/1/d/89"}]},"1c.89":{"sounds":[{"name":"soma/1/c/89"}]},"1.90":{"sounds":[{"name":"soma/1/d/90"}]},"1c.90":{"sounds":[{"name":"soma/1/c/90"}]},"1.91":{"sounds":[{"name":"soma/1/d/91"}]},"1c.91":{"sounds":[{"name":"soma/1/c/91"}]},"1.92":{"sounds":[{"name":"soma/1/d/92"}]},"1c.92":{"sounds":[{"name":"soma/1/c/92"}]},"1.93":{"sounds":[{"name":"soma/1/d/93"}]},"1c.93":{"sounds":[{"name":"soma/1/c/93"}]},"1.94":{"sounds":[{"name":"soma/1/d/94"}]},"1c.94":{"sounds":[{"name":"soma/1/c/94"}]},"1.95":{"sounds":[{"name":"soma/1/d/95"}]},"1c.95":{"sounds":[{"name":"soma/1/c/95"}]},"1.96":{"sounds":[{"name":"soma/1/d/96"}]},"1c.96":{"sounds":[{"name":"soma/1/c/96"}]},"1.97":{"sounds":[{"name":"soma/1/d/97"}]},"1c.97":{"sounds":[{"name":"soma/1/c/97"}]},"1.98":{"sounds":[{"name":"soma/1/d/98"}]},"1c.98":{"sounds":[{"name":"soma/1/c/98"}]},"1.99":{"sounds":[{"name":"soma/1/d/99"}]},"1c.99":{"sounds":[{"name":"soma/1/c/99"}]},"1.100":{"sounds":[{"name":"soma/1/d/100"}]},"1c.100":{"sounds":[{"name":"soma/1/c/100"}]},"1.101":{"sounds":[{"name":"soma/1/d/101"}]},"1c.101":{"sounds":[{"name":"soma/1/c/101"}]},"1.102":{"sounds":[{"name":"soma/1/d/102"}]},"1c.102":{"sounds":[{"name":"soma/1/c/102"}]},"1.103":{"sounds":[{"name":"soma/1/d/103"}]},"1c.103":{"sounds":[{"name":"soma/1/c/103"}]},"1.104":{"sounds":[{"name":"soma/1/d/104"}]},"1c.104":{"sounds":[{"name":"soma/1/c/104"}]},"1.105":{"sounds":[{"name":"soma/1/d/105"}]},"1c.105":{"sounds":[{"name":"soma/1/c/105"}]},"1.106":{"sounds":[{"name":"soma/1/d/106"}]},"1c.106":{"sounds":[{"name":"soma/1/c/106"}]},"1.107":{"sounds":[{"name":"soma/1/d/107"}]},"1c.107":{"sounds":[{"name":"soma/1/c/107"}]},"1.108":{"sounds":[{"name":"soma/1/d/108"}]},"1c.108":{"sounds":[{"name":"soma/1/c/108"}]},"1.109":{"sounds":[{"name":"soma/1/d/109"}]},"1c.109":{"sounds":[{"name":"soma/1/c/109"}]},"1.110":{"sounds":[{"name":"soma/1/d/110"}]},"1c.110":{"sounds":[{"name":"soma/1/c/110"}]},"1.111":{"sounds":[{"name":"soma/1/d/111"}]},"1c.111":{"sounds":[{"name":"soma/1/c/111"}]},"1.112":{"sounds":[{"name":"soma/1/d/112"}]},"1c.112":{"sounds":[{"name":"soma/1/c/112"}]},"1.113":{"sounds":[{"name":"soma/1/d/113"}]},"1c.113":{"sounds":[{"name":"soma/1/c/113"}]},"1.114":{"sounds":[{"name":"soma/1/d/114"}]},"1c.114":{"sounds":[{"name":"soma/1/c/114"}]},"1.115":{"sounds":[{"name":"soma/1/d/115"}]},"1c.115":{"sounds":[{"name":"soma/1/c/115"}]},"1.116":{"sounds":[{"name":"soma/1/d/116"}]},"1c.116":{"sounds":[{"name":"soma/1/c/116"}]},"1.117":{"sounds":[{"name":"soma/1/d/117"}]},"1c.117":{"sounds":[{"name":"soma/1/c/117"}]},"1.118":{"sounds":[{"name":"soma/1/d/118"}]},"1c.118":{"sounds":[{"name":"soma/1/c/118"}]},"1.119":{"sounds":[{"name":"soma/1/d/119"}]},"1c.119":{"sounds":[{"name":"soma/1/c/119"}]},"1.120":{"sounds":[{"name":"soma/1/d/120"}]},"1c.120":{"sounds":[{"name":"soma/1/c/120"}]},"1.121":{"sounds":[{"name":"soma/1/d/121"}]},"1c.121":{"sounds":[{"name":"soma/1/c/121"}]},"1.122":{"sounds":[{"name":"soma/1/d/122"}]},"1c.122":{"sounds":[{"name":"soma/1/c/122"}]},"1.123":{"sounds":[{"name":"soma/1/d/123"}]},"1c.123":{"sounds":[{"name":"soma/1/c/123"}]},"1.124":{"sounds":[{"name":"soma/1/d/124"}]},"1c.124":{"sounds":[{"name":"soma/1/c/124"}]},"1.125":{"sounds":[{"name":"soma/1/d/125"}]},"1c.125":{"sounds":[{"name":"soma/1/c/125"}]},"1.126":{"sounds":[{"name":"soma/1/d/126"}]},"1c.126":{"sounds":[{"name":"soma/1/c/126"}]},"1.127":{"sounds":[{"name":"soma/1/d/127"}]},"1c.127":{"sounds":[{"name":"soma/1/c/127"}]},"flp.0":{"sounds":[{"name":"soma/flpiano/d/0"}]},"flpc.0":{"sounds":[{"name":"soma/flpiano/c/0"}]},"flp.1":{"sounds":[{"name":"soma/flpiano/d/1"}]},"flpc.1":{"sounds":[{"name":"soma/flpiano/c/1"}]},"flp.2":{"sounds":[{"name":"soma/flpiano/d/2"}]},"flpc.2":{"sounds":[{"name":"soma/flpiano/c/2"}]},"flp.3":{"sounds":[{"name":"soma/flpiano/d/3"}]},"flpc.3":{"sounds":[{"name":"soma/flpiano/c/3"}]},"flp.4":{"sounds":[{"name":"soma/flpiano/d/4"}]},"flpc.4":{"sounds":[{"name":"soma/flpiano/c/4"}]},"flp.5":{"sounds":[{"name":"soma/flpiano/d/5"}]},"flpc.5":{"sounds":[{"name":"soma/flpiano/c/5"}]},"flp.6":{"sounds":[{"name":"soma/flpiano/d/6"}]},"flpc.6":{"sounds":[{"name":"soma/flpiano/c/6"}]},"flp.7":{"sounds":[{"name":"soma/flpiano/d/7"}]},"flpc.7":{"sounds":[{"name":"soma/flpiano/c/7"}]},"flp.8":{"sounds":[{"name":"soma/flpiano/d/8"}]},"flpc.8":{"sounds":[{"name":"soma/flpiano/c/8"}]},"flp.9":{"sounds":[{"name":"soma/flpiano/d/9"}]},"flpc.9":{"sounds":[{"name":"soma/flpiano/c/9"}]},"flp.10":{"sounds":[{"name":"soma/flpiano/d/10"}]},"flpc.10":{"sounds":[{"name":"soma/flpiano/c/10"}]},"flp.11":{"sounds":[{"name":"soma/flpiano/d/11"}]},"flpc.11":{"sounds":[{"name":"soma/flpiano/c/11"}]},"flp.12":{"sounds":[{"name":"soma/flpiano/d/12"}]},"flpc.12":{"sounds":[{"name":"soma/flpiano/c/12"}]},"flp.13":{"sounds":[{"name":"soma/flpiano/d/13"}]},"flpc.13":{"sounds":[{"name":"soma/flpiano/c/13"}]},"flp.14":{"sounds":[{"name":"soma/flpiano/d/14"}]},"flpc.14":{"sounds":[{"name":"soma/flpiano/c/14"}]},"flp.15":{"sounds":[{"name":"soma/flpiano/d/15"}]},"flpc.15":{"sounds":[{"name":"soma/flpiano/c/15"}]},"flp.16":{"sounds":[{"name":"soma/flpiano/d/16"}]},"flpc.16":{"sounds":[{"name":"soma/flpiano/c/16"}]},"flp.17":{"sounds":[{"name":"soma/flpiano/d/17"}]},"flpc.17":{"sounds":[{"name":"soma/flpiano/c/17"}]},"flp.18":{"sounds":[{"name":"soma/flpiano/d/18"}]},"flpc.18":{"sounds":[{"name":"soma/flpiano/c/18"}]},"flp.19":{"sounds":[{"name":"soma/flpiano/d/19"}]},"flpc.19":{"sounds":[{"name":"soma/flpiano/c/19"}]},"flp.20":{"sounds":[{"name":"soma/flpiano/d/20"}]},"flpc.20":{"sounds":[{"name":"soma/flpiano/c/20"}]},"flp.21":{"sounds":[{"name":"soma/flpiano/d/21"}]},"flpc.21":{"sounds":[{"name":"soma/flpiano/c/21"}]},"flp.22":{"sounds":[{"name":"soma/flpiano/d/22"}]},"flpc.22":{"sounds":[{"name":"soma/flpiano/c/22"}]},"flp.23":{"sounds":[{"name":"soma/flpiano/d/23"}]},"flpc.23":{"sounds":[{"name":"soma/flpiano/c/23"}]},"flp.24":{"sounds":[{"name":"soma/flpiano/d/24"}]},"flpc.24":{"sounds":[{"name":"soma/flpiano/c/24"}]},"flp.25":{"sounds":[{"name":"soma/flpiano/d/25"}]},"flpc.25":{"sounds":[{"name":"soma/flpiano/c/25"}]},"flp.26":{"sounds":[{"name":"soma/flpiano/d/26"}]},"flpc.26":{"sounds":[{"name":"soma/flpiano/c/26"}]},"flp.27":{"sounds":[{"name":"soma/flpiano/d/27"}]},"flpc.27":{"sounds":[{"name":"soma/flpiano/c/27"}]},"flp.28":{"sounds":[{"name":"soma/flpiano/d/28"}]},"flpc.28":{"sounds":[{"name":"soma/flpiano/c/28"}]},"flp.29":{"sounds":[{"name":"soma/flpiano/d/29"}]},"flpc.29":{"sounds":[{"name":"soma/flpiano/c/29"}]},"flp.30":{"sounds":[{"name":"soma/flpiano/d/30"}]},"flpc.30":{"sounds":[{"name":"soma/flpiano/c/30"}]},"flp.31":{"sounds":[{"name":"soma/flpiano/d/31"}]},"flpc.31":{"sounds":[{"name":"soma/flpiano/c/31"}]},"flp.32":{"sounds":[{"name":"soma/flpiano/d/32"}]},"flpc.32":{"sounds":[{"name":"soma/flpiano/c/32"}]},"flp.33":{"sounds":[{"name":"soma/flpiano/d/33"}]},"flpc.33":{"sounds":[{"name":"soma/flpiano/c/33"}]},"flp.34":{"sounds":[{"name":"soma/flpiano/d/34"}]},"flpc.34":{"sounds":[{"name":"soma/flpiano/c/34"}]},"flp.35":{"sounds":[{"name":"soma/flpiano/d/35"}]},"flpc.35":{"sounds":[{"name":"soma/flpiano/c/35"}]},"flp.36":{"sounds":[{"name":"soma/flpiano/d/36"}]},"flpc.36":{"sounds":[{"name":"soma/flpiano/c/36"}]},"flp.37":{"sounds":[{"name":"soma/flpiano/d/37"}]},"flpc.37":{"sounds":[{"name":"soma/flpiano/c/37"}]},"flp.38":{"sounds":[{"name":"soma/flpiano/d/38"}]},"flpc.38":{"sounds":[{"name":"soma/flpiano/c/38"}]},"flp.39":{"sounds":[{"name":"soma/flpiano/d/39"}]},"flpc.39":{"sounds":[{"name":"soma/flpiano/c/39"}]},"flp.40":{"sounds":[{"name":"soma/flpiano/d/40"}]},"flpc.40":{"sounds":[{"name":"soma/flpiano/c/40"}]},"flp.41":{"sounds":[{"name":"soma/flpiano/d/41"}]},"flpc.41":{"sounds":[{"name":"soma/flpiano/c/41"}]},"flp.42":{"sounds":[{"name":"soma/flpiano/d/42"}]},"flpc.42":{"sounds":[{"name":"soma/flpiano/c/42"}]},"flp.43":{"sounds":[{"name":"soma/flpiano/d/43"}]},"flpc.43":{"sounds":[{"name":"soma/flpiano/c/43"}]},"flp.44":{"sounds":[{"name":"soma/flpiano/d/44"}]},"flpc.44":{"sounds":[{"name":"soma/flpiano/c/44"}]},"flp.45":{"sounds":[{"name":"soma/flpiano/d/45"}]},"flpc.45":{"sounds":[{"name":"soma/flpiano/c/45"}]},"flp.46":{"sounds":[{"name":"soma/flpiano/d/46"}]},"flpc.46":{"sounds":[{"name":"soma/flpiano/c/46"}]},"flp.47":{"sounds":[{"name":"soma/flpiano/d/47"}]},"flpc.47":{"sounds":[{"name":"soma/flpiano/c/47"}]},"flp.48":{"sounds":[{"name":"soma/flpiano/d/48"}]},"flpc.48":{"sounds":[{"name":"soma/flpiano/c/48"}]},"flp.49":{"sounds":[{"name":"soma/flpiano/d/49"}]},"flpc.49":{"sounds":[{"name":"soma/flpiano/c/49"}]},"flp.50":{"sounds":[{"name":"soma/flpiano/d/50"}]},"flpc.50":{"sounds":[{"name":"soma/flpiano/c/50"}]},"flp.51":{"sounds":[{"name":"soma/flpiano/d/51"}]},"flpc.51":{"sounds":[{"name":"soma/flpiano/c/51"}]},"flp.52":{"sounds":[{"name":"soma/flpiano/d/52"}]},"flpc.52":{"sounds":[{"name":"soma/flpiano/c/52"}]},"flp.53":{"sounds":[{"name":"soma/flpiano/d/53"}]},"flpc.53":{"sounds":[{"name":"soma/flpiano/c/53"}]},"flp.54":{"sounds":[{"name":"soma/flpiano/d/54"}]},"flpc.54":{"sounds":[{"name":"soma/flpiano/c/54"}]},"flp.55":{"sounds":[{"name":"soma/flpiano/d/55"}]},"flpc.55":{"sounds":[{"name":"soma/flpiano/c/55"}]},"flp.56":{"sounds":[{"name":"soma/flpiano/d/56"}]},"flpc.56":{"sounds":[{"name":"soma/flpiano/c/56"}]},"flp.57":{"sounds":[{"name":"soma/flpiano/d/57"}]},"flpc.57":{"sounds":[{"name":"soma/flpiano/c/57"}]},"flp.58":{"sounds":[{"name":"soma/flpiano/d/58"}]},"flpc.58":{"sounds":[{"name":"soma/flpiano/c/58"}]},"flp.59":{"sounds":[{"name":"soma/flpiano/d/59"}]},"flpc.59":{"sounds":[{"name":"soma/flpiano/c/59"}]},"flp.60":{"sounds":[{"name":"soma/flpiano/d/60"}]},"flpc.60":{"sounds":[{"name":"soma/flpiano/c/60"}]},"flp.61":{"sounds":[{"name":"soma/flpiano/d/61"}]},"flpc.61":{"sounds":[{"name":"soma/flpiano/c/61"}]},"flp.62":{"sounds":[{"name":"soma/flpiano/d/62"}]},"flpc.62":{"sounds":[{"name":"soma/flpiano/c/62"}]},"flp.63":{"sounds":[{"name":"soma/flpiano/d/63"}]},"flpc.63":{"sounds":[{"name":"soma/flpiano/c/63"}]},"flp.64":{"sounds":[{"name":"soma/flpiano/d/64"}]},"flpc.64":{"sounds":[{"name":"soma/flpiano/c/64"}]},"flp.65":{"sounds":[{"name":"soma/flpiano/d/65"}]},"flpc.65":{"sounds":[{"name":"soma/flpiano/c/65"}]},"flp.66":{"sounds":[{"name":"soma/flpiano/d/66"}]},"flpc.66":{"sounds":[{"name":"soma/flpiano/c/66"}]},"flp.67":{"sounds":[{"name":"soma/flpiano/d/67"}]},"flpc.67":{"sounds":[{"name":"soma/flpiano/c/67"}]},"flp.68":{"sounds":[{"name":"soma/flpiano/d/68"}]},"flpc.68":{"sounds":[{"name":"soma/flpiano/c/68"}]},"flp.69":{"sounds":[{"name":"soma/flpiano/d/69"}]},"flpc.69":{"sounds":[{"name":"soma/flpiano/c/69"}]},"flp.70":{"sounds":[{"name":"soma/flpiano/d/70"}]},"flpc.70":{"sounds":[{"name":"soma/flpiano/c/70"}]},"flp.71":{"sounds":[{"name":"soma/flpiano/d/71"}]},"flpc.71":{"sounds":[{"name":"soma/flpiano/c/71"}]},"flp.72":{"sounds":[{"name":"soma/flpiano/d/72"}]},"flpc.72":{"sounds":[{"name":"soma/flpiano/c/72"}]},"flp.73":{"sounds":[{"name":"soma/flpiano/d/73"}]},"flpc.73":{"sounds":[{"name":"soma/flpiano/c/73"}]},"flp.74":{"sounds":[{"name":"soma/flpiano/d/74"}]},"flpc.74":{"sounds":[{"name":"soma/flpiano/c/74"}]},"flp.75":{"sounds":[{"name":"soma/flpiano/d/75"}]},"flpc.75":{"sounds":[{"name":"soma/flpiano/c/75"}]},"flp.76":{"sounds":[{"name":"soma/flpiano/d/76"}]},"flpc.76":{"sounds":[{"name":"soma/flpiano/c/76"}]},"flp.77":{"sounds":[{"name":"soma/flpiano/d/77"}]},"flpc.77":{"sounds":[{"name":"soma/flpiano/c/77"}]},"flp.78":{"sounds":[{"name":"soma/flpiano/d/78"}]},"flpc.78":{"sounds":[{"name":"soma/flpiano/c/78"}]},"flp.79":{"sounds":[{"name":"soma/flpiano/d/79"}]},"flpc.79":{"sounds":[{"name":"soma/flpiano/c/79"}]},"flp.80":{"sounds":[{"name":"soma/flpiano/d/80"}]},"flpc.80":{"sounds":[{"name":"soma/flpiano/c/80"}]},"flp.81":{"sounds":[{"name":"soma/flpiano/d/81"}]},"flpc.81":{"sounds":[{"name":"soma/flpiano/c/81"}]},"flp.82":{"sounds":[{"name":"soma/flpiano/d/82"}]},"flpc.82":{"sounds":[{"name":"soma/flpiano/c/82"}]},"flp.83":{"sounds":[{"name":"soma/flpiano/d/83"}]},"flpc.83":{"sounds":[{"name":"soma/flpiano/c/83"}]},"flp.84":{"sounds":[{"name":"soma/flpiano/d/84"}]},"flpc.84":{"sounds":[{"name":"soma/flpiano/c/84"}]},"flp.85":{"sounds":[{"name":"soma/flpiano/d/85"}]},"flpc.85":{"sounds":[{"name":"soma/flpiano/c/85"}]},"flp.86":{"sounds":[{"name":"soma/flpiano/d/86"}]},"flpc.86":{"sounds":[{"name":"soma/flpiano/c/86"}]},"flp.87":{"sounds":[{"name":"soma/flpiano/d/87"}]},"flpc.87":{"sounds":[{"name":"soma/flpiano/c/87"}]},"flp.88":{"sounds":[{"name":"soma/flpiano/d/88"}]},"flpc.88":{"sounds":[{"name":"soma/flpiano/c/88"}]},"flp.89":{"sounds":[{"name":"soma/flpiano/d/89"}]},"flpc.89":{"sounds":[{"name":"soma/flpiano/c/89"}]},"flp.90":{"sounds":[{"name":"soma/flpiano/d/90"}]},"flpc.90":{"sounds":[{"name":"soma/flpiano/c/90"}]},"flp.91":{"sounds":[{"name":"soma/flpiano/d/91"}]},"flpc.91":{"sounds":[{"name":"soma/flpiano/c/91"}]},"flp.92":{"sounds":[{"name":"soma/flpiano/d/92"}]},"flpc.92":{"sounds":[{"name":"soma/flpiano/c/92"}]},"flp.93":{"sounds":[{"name":"soma/flpiano/d/93"}]},"flpc.93":{"sounds":[{"name":"soma/flpiano/c/93"}]},"flp.94":{"sounds":[{"name":"soma/flpiano/d/94"}]},"flpc.94":{"sounds":[{"name":"soma/flpiano/c/94"}]},"flp.95":{"sounds":[{"name":"soma/flpiano/d/95"}]},"flpc.95":{"sounds":[{"name":"soma/flpiano/c/95"}]},"flp.96":{"sounds":[{"name":"soma/flpiano/d/96"}]},"flpc.96":{"sounds":[{"name":"soma/flpiano/c/96"}]},"flp.97":{"sounds":[{"name":"soma/flpiano/d/97"}]},"flpc.97":{"sounds":[{"name":"soma/flpiano/c/97"}]},"flp.98":{"sounds":[{"name":"soma/flpiano/d/98"}]},"flpc.98":{"sounds":[{"name":"soma/flpiano/c/98"}]},"flp.99":{"sounds":[{"name":"soma/flpiano/d/99"}]},"flpc.99":{"sounds":[{"name":"soma/flpiano/c/99"}]},"flp.100":{"sounds":[{"name":"soma/flpiano/d/100"}]},"flpc.100":{"sounds":[{"name":"soma/flpiano/c/100"}]},"flp.101":{"sounds":[{"name":"soma/flpiano/d/101"}]},"flpc.101":{"sounds":[{"name":"soma/flpiano/c/101"}]},"flp.102":{"sounds":[{"name":"soma/flpiano/d/102"}]},"flpc.102":{"sounds":[{"name":"soma/flpiano/c/102"}]},"flp.103":{"sounds":[{"name":"soma/flpiano/d/103"}]},"flpc.103":{"sounds":[{"name":"soma/flpiano/c/103"}]},"flp.104":{"sounds":[{"name":"soma/flpiano/d/104"}]},"flpc.104":{"sounds":[{"name":"soma/flpiano/c/104"}]},"flp.105":{"sounds":[{"name":"soma/flpiano/d/105"}]},"flpc.105":{"sounds":[{"name":"soma/flpiano/c/105"}]},"flp.106":{"sounds":[{"name":"soma/flpiano/d/106"}]},"flpc.106":{"sounds":[{"name":"soma/flpiano/c/106"}]},"flp.107":{"sounds":[{"name":"soma/flpiano/d/107"}]},"flpc.107":{"sounds":[{"name":"soma/flpiano/c/107"}]},"flp.108":{"sounds":[{"name":"soma/flpiano/d/108"}]},"flpc.108":{"sounds":[{"name":"soma/flpiano/c/108"}]},"flp.109":{"sounds":[{"name":"soma/flpiano/d/109"}]},"flpc.109":{"sounds":[{"name":"soma/flpiano/c/109"}]},"flp.110":{"sounds":[{"name":"soma/flpiano/d/110"}]},"flpc.110":{"sounds":[{"name":"soma/flpiano/c/110"}]},"flp.111":{"sounds":[{"name":"soma/flpiano/d/111"}]},"flpc.111":{"sounds":[{"name":"soma/flpiano/c/111"}]},"flp.112":{"sounds":[{"name":"soma/flpiano/d/112"}]},"flpc.112":{"sounds":[{"name":"soma/flpiano/c/112"}]},"flp.113":{"sounds":[{"name":"soma/flpiano/d/113"}]},"flpc.113":{"sounds":[{"name":"soma/flpiano/c/113"}]},"flp.114":{"sounds":[{"name":"soma/flpiano/d/114"}]},"flpc.114":{"sounds":[{"name":"soma/flpiano/c/114"}]},"flp.115":{"sounds":[{"name":"soma/flpiano/d/115"}]},"flpc.115":{"sounds":[{"name":"soma/flpiano/c/115"}]},"flp.116":{"sounds":[{"name":"soma/flpiano/d/116"}]},"flpc.116":{"sounds":[{"name":"soma/flpiano/c/116"}]},"flp.117":{"sounds":[{"name":"soma/flpiano/d/117"}]},"flpc.117":{"sounds":[{"name":"soma/flpiano/c/117"}]},"flp.118":{"sounds":[{"name":"soma/flpiano/d/118"}]},"flpc.118":{"sounds":[{"name":"soma/flpiano/c/118"}]},"flp.119":{"sounds":[{"name":"soma/flpiano/d/119"}]},"flpc.119":{"sounds":[{"name":"soma/flpiano/c/119"}]},"flp.120":{"sounds":[{"name":"soma/flpiano/d/120"}]},"flpc.120":{"sounds":[{"name":"soma/flpiano/c/120"}]},"flp.121":{"sounds":[{"name":"soma/flpiano/d/121"}]},"flpc.121":{"sounds":[{"name":"soma/flpiano/c/121"}]},"flp.122":{"sounds":[{"name":"soma/flpiano/d/122"}]},"flpc.122":{"sounds":[{"name":"soma/flpiano/c/122"}]},"flp.123":{"sounds":[{"name":"soma/flpiano/d/123"}]},"flpc.123":{"sounds":[{"name":"soma/flpiano/c/123"}]},"flp.124":{"sounds":[{"name":"soma/flpiano/d/124"}]},"flpc.124":{"sounds":[{"name":"soma/flpiano/c/124"}]},"flp.125":{"sounds":[{"name":"soma/flpiano/d/125"}]},"flpc.125":{"sounds":[{"name":"soma/flpiano/c/125"}]},"flp.126":{"sounds":[{"name":"soma/flpiano/d/126"}]},"flpc.126":{"sounds":[{"name":"soma/flpiano/c/126"}]},"flp.127":{"sounds":[{"name":"soma/flpiano/d/127"}]},"flpc.127":{"sounds":[{"name":"soma/flpiano/c/127"}]}}