{"display":{"thirdperson_righthand":{"rotation":[0,-180,0]},"gui":{"rotation":[29,-41,0],"translation":[0,0.25,0],"scale":[0.6,0.6,0.6]},"head":{"rotation":[0,-180,0],"translation":[0,-19,-5.5],"scale":[3,3,3]}},"texture_size":[32,32],"textures":{"1":"models/jw/piano/piano","particle":"models/jw/piano/piano"},"elements":[{"from":[-5.1,9.8,7],"to":[18.55,10,10],"faces":{"north":{"uv":[0,0,12.125,0.125],"texture":"#1","tintindex":0},"east":{"uv":[0,0,1.5,0.125],"texture":"#1","tintindex":0},"south":{"uv":[0,0,12.125,0.125],"texture":"#1","tintindex":0},"west":{"uv":[0,0,1.5,0.125],"texture":"#1","tintindex":0},"up":{"uv":[0,0,12.125,1.5],"texture":"#1","tintindex":0},"down":{"uv":[0,0,12.125,1.5],"texture":"#1","tintindex":0}}},{"from":[-5.25,9.5,5.5],"to":[18.25,9.75,9.75],"faces":{"north":{"uv":[0,0,16,0.25],"texture":"#1","tintindex":0},"east":{"uv":[0,0,4.25,0.25],"texture":"#1","tintindex":0},"south":{"uv":[0,0,16,0.25],"texture":"#1","tintindex":0},"west":{"uv":[0,0,4.25,0.25],"texture":"#1","tintindex":0},"up":{"uv":[0,0,16,4.25],"texture":"#1","tintindex":0},"down":{"uv":[2,7.66667,13.33333,12.25],"texture":"#1","tintindex":0}}},{"from":[-5,7.5,6],"to":[18,9.5,7],"faces":{"north":{"uv":[0,0,11.5,1],"texture":"#1","tintindex":0},"east":{"uv":[0,0,0.5,1],"texture":"#1","tintindex":0},"south":{"uv":[1.66667,8,13.16667,9],"texture":"#1","tintindex":0},"west":{"uv":[0,0,0.5,1],"texture":"#1","tintindex":0},"up":{"uv":[0,0,11.5,0.5],"texture":"#1","tintindex":0},"down":{"uv":[0,0,11.5,0.5],"texture":"#1","tintindex":0}}},{"from":[-5.25,1,6],"to":[18,3,6.5],"faces":{"north":{"uv":[0,0,11.75,1],"texture":"#1","tintindex":0},"east":{"uv":[0,3,0.25,4],"texture":"#1","tintindex":0},"south":{"uv":[3,9.66667,14.75,10.66667],"texture":"#1","tintindex":0},"west":{"uv":[0.5,3,0.75,4],"texture":"#1","tintindex":0},"up":{"uv":[11.75,2.25,0,2],"texture":"#1","tintindex":0},"down":{"uv":[11.75,2.5,0,2.75],"texture":"#1","tintindex":0}}},{"from":[3.5,0.5,6.15],"to":[9.75,2.25,7],"faces":{"north":{"uv":[0,0,3.125,0.875],"texture":"#1","tintindex":0},"east":{"uv":[0,0,0.5,0.875],"texture":"#1","tintindex":0},"south":{"uv":[7,8.66667,10.125,9.54167],"texture":"#1","tintindex":0},"west":{"uv":[0,0,0.5,0.875],"texture":"#1","tintindex":0},"up":{"uv":[0,0,3.125,0.5],"texture":"#1","tintindex":0},"down":{"uv":[0,0,3.125,0.5],"texture":"#1","tintindex":0}}},{"from":[-5.325,10,9.25],"to":[18,10.25,9.75],"faces":{"north":{"uv":[0,0,11.75,0.125],"texture":"#1","tintindex":0},"east":{"uv":[0,0,0.25,0.125],"texture":"#1","tintindex":0},"south":{"uv":[0,0,11.75,0.125],"texture":"#1","tintindex":0},"west":{"uv":[0,0,0.25,0.125],"texture":"#1","tintindex":0},"up":{"uv":[0,0,11.75,0.25],"texture":"#1","tintindex":0},"down":{"uv":[0,0,11.75,0.25],"texture":"#1","tintindex":0}}},{"from":[-5.5,9.5,7.25],"to":[18.75,11.15,8],"faces":{"north":{"uv":[0,0,12.125,0.575],"texture":"#1","tintindex":0},"east":{"uv":[0,0,0.375,0.575],"texture":"#1","tintindex":0},"south":{"uv":[2,8.33333,14,10.575],"texture":"#1","tintindex":0},"west":{"uv":[0,0,0.375,0.575],"texture":"#1","tintindex":0},"up":{"uv":[0,0,12.125,0.375],"texture":"#1","tintindex":0},"down":{"uv":[0,0,12.125,0.375],"texture":"#1","tintindex":0}}},{"from":[-5.5,9.5,5],"to":[18.75,11.15,7.25],"faces":{"north":{"uv":[0,0,12.125,0.825],"texture":"#1","tintindex":0},"east":{"uv":[0,0,1.125,0.825],"texture":"#1","tintindex":0},"south":{"uv":[0,0,12.125,0.825],"texture":"#1","tintindex":0},"west":{"uv":[0,0,1.125,0.825],"texture":"#1","tintindex":0},"up":{"uv":[4.33333,1.875,6.33333,3],"rotation":180,"texture":"#1","tintindex":0},"down":{"uv":[0,0,12.125,1.125],"texture":"#1","tintindex":0}}},{"from":[-4.5,11,5],"to":[17.5,11.4,7.25],"faces":{"north":{"uv":[0,0,11,0.2],"texture":"#1","tintindex":0},"east":{"uv":[0,0,1.125,0.2],"texture":"#1","tintindex":0},"south":{"uv":[0,0,11,0.2],"texture":"#1","tintindex":0},"west":{"uv":[0,0,1.125,0.2],"texture":"#1","tintindex":0},"up":{"uv":[1.66667,8,14.66667,10.79167],"texture":"#1","tintindex":0},"down":{"uv":[0,0,11,1.125],"texture":"#1","tintindex":0}}},{"from":[0.5,9,6.1],"to":[11.5,11.25,6.25],"rotation":{"angle":-22.5,"axis":"x","origin":[0,9,0]},"faces":{"north":{"uv":[1,1.33333,15.33333,5.58333],"rotation":180,"texture":"#1","tintindex":0},"east":{"uv":[0,0,2.25,0.15],"rotation":90,"texture":"#1","tintindex":0},"south":{"uv":[1,1.33333,15,5.58333],"texture":"#1","tintindex":0},"west":{"uv":[0,0,2.25,0.15],"rotation":270,"texture":"#1","tintindex":0},"up":{"uv":[0,0,11,0.15],"texture":"#1","tintindex":0},"down":{"uv":[0,0,11,0.15],"rotation":180,"texture":"#1","tintindex":0}}},{"from":[-5.25,0.25,5.75],"to":[-4.85,9.75,9.25],"rotation":{"angle":0,"axis":"z","origin":[-3.5,9,8.75]},"faces":{"north":{"uv":[0,0,9.5,0.4],"rotation":270,"texture":"#1","tintindex":0},"east":{"uv":[5,8.33333,12.83333,11.83333],"rotation":90,"texture":"#1","tintindex":0},"south":{"uv":[3.66667,9.66667,13.16667,10.06667],"rotation":90,"texture":"#1","tintindex":0},"west":{"uv":[5,8.16667,12.83333,12],"rotation":90,"texture":"#1","tintindex":0},"up":{"uv":[0,0,3.5,0.4],"rotation":90,"texture":"#1","tintindex":0},"down":{"uv":[0,0,3.5,0.4],"rotation":90,"texture":"#1","tintindex":0}}},{"from":[17.75,0,5.75],"to":[18.15,9.75,9.25],"rotation":{"angle":0,"axis":"y","origin":[-3.5,9,8.75]},"faces":{"north":{"uv":[0,0,9.75,0.4],"rotation":270,"texture":"#1","tintindex":0},"east":{"uv":[4,9,13.75,12.5],"rotation":90,"texture":"#1","tintindex":0},"south":{"uv":[3.33333,9,13.08333,9.4],"rotation":90,"texture":"#1","tintindex":0},"west":{"uv":[4,9,13.75,12.5],"rotation":90,"texture":"#1","tintindex":0},"up":{"uv":[0,0,3.5,0.4],"rotation":90,"texture":"#1","tintindex":0},"down":{"uv":[0,0,3.5,0.4],"rotation":90,"texture":"#1","tintindex":0}}},{"from":[-5.5,9.5,8],"to":[-4.5,11,10.25],"faces":{"north":{"uv":[0,0,0.5,0.75],"texture":"#1","tintindex":0},"east":{"uv":[0,0,1.625,0.75],"texture":"#1","tintindex":0},"south":{"uv":[0,0,0.5,0.75],"texture":"#1","tintindex":0},"west":{"uv":[0,0,1.625,0.75],"texture":"#1","tintindex":0},"up":{"uv":[0,0,0.5,1.625],"texture":"#1","tintindex":0},"down":{"uv":[0,0,0.5,1.625],"texture":"#1","tintindex":0}}},{"from":[17.5,0,5.25],"to":[18.25,0.5,10],"faces":{"north":{"uv":[0,0,0.75,0.5],"texture":"#1","tintindex":0},"east":{"uv":[0,0,4.75,0.5],"texture":"#1","tintindex":0},"south":{"uv":[0,0,0.75,0.5],"texture":"#1","tintindex":0},"west":{"uv":[0,0,4.75,0.5],"texture":"#1","tintindex":0},"up":{"uv":[0,0,0.75,4.75],"texture":"#1","tintindex":0},"down":{"uv":[0,0,0.75,4.75],"texture":"#1","tintindex":0}}},{"from":[-5.5,0,5.25],"to":[-4.75,0.5,10],"faces":{"north":{"uv":[0,0,0.75,0.5],"texture":"#1","tintindex":0},"east":{"uv":[0,0,4.75,0.5],"texture":"#1","tintindex":0},"south":{"uv":[0,0,0.75,0.5],"texture":"#1","tintindex":0},"west":{"uv":[0,0,4.75,0.5],"texture":"#1","tintindex":0},"up":{"uv":[0,0,0.75,4.75],"texture":"#1","tintindex":0},"down":{"uv":[0,0,0.75,4.75],"texture":"#1","tintindex":0}}},{"from":[17.5,9.5,7.925],"to":[18.75,11,10.25],"faces":{"north":{"uv":[0,0,0.625,0.75],"texture":"#1","tintindex":0},"east":{"uv":[0,0,1.625,0.75],"texture":"#1","tintindex":0},"south":{"uv":[0,0,0.625,0.75],"texture":"#1","tintindex":0},"west":{"uv":[0,0,1.625,0.75],"texture":"#1","tintindex":0},"up":{"uv":[0,0,0.625,1.625],"texture":"#1","tintindex":0},"down":{"uv":[0,0,0.625,1.625],"texture":"#1","tintindex":0}}}]}