{"display":{"gui":{"rotation":[29,-41,0],"translation":[-2.25,-4.5,0],"scale":[0.45,0.45,0.45]},"head":{"rotation":[0,-180,0],"translation":[0,-19,-5.5],"scale":[3,3,3]}},"texture_size":[32,32],"textures":{"0":"models/jw/piano/piano","2":"models/jw/piano/gold","3":"models/jw/piano/oak_planks","4":"models/jw/piano/board","5":"models/jw/piano/red"},"elements":[{"from":[16.25,0,2.75],"to":[17.25,2.75,4.5],"faces":{"north":{"uv":[0,0,0,1.375],"texture":"#0","tintindex":0},"east":{"uv":[0,0,0.75,2.75],"texture":"#0","tintindex":0},"south":{"uv":[0,0,1,2.75],"texture":"#0","tintindex":0},"west":{"uv":[0,0,0.75,2.75],"texture":"#0","tintindex":0},"up":{"uv":[0,0,1,1.75],"texture":"#0","tintindex":0},"down":{"uv":[0,0,1,1.75],"texture":"#0","tintindex":0}}},{"from":[16.25,2.5,2.25],"to":[17.5,4.75,4.25],"faces":{"north":{"uv":[0,0,1,10],"texture":"#0","tintindex":0},"east":{"uv":[0,0,1,10],"texture":"#0","tintindex":0},"south":{"uv":[0,0,1,10],"texture":"#0","tintindex":0},"west":{"uv":[0,0,1,10],"texture":"#0","tintindex":0},"up":{"uv":[0,0,1,1],"texture":"#0","tintindex":0},"down":{"uv":[0,0,1,1],"texture":"#0","tintindex":0}}},{"from":[16.25,4.75,2],"to":[17.75,8,4],"faces":{"north":{"uv":[0,0,1.33333,2.75],"texture":"#0","tintindex":0},"east":{"uv":[0,0,1.08333,2.75],"texture":"#0","tintindex":0},"south":{"uv":[0,0,1.33333,2.75],"texture":"#0","tintindex":0},"west":{"uv":[0,0,1.08333,2.75],"texture":"#0","tintindex":0},"up":{"uv":[0,0,1.33333,1.75],"texture":"#0","tintindex":0},"down":{"uv":[0,0,1.33333,1.75],"texture":"#0","tintindex":0}}},{"from":[-4.75,0,1],"to":[-3.75,2.5,2.75],"faces":{"north":{"uv":[0,0,2,2.75],"texture":"#0","tintindex":0},"east":{"uv":[0,0,1.75,2.75],"texture":"#0","tintindex":0},"south":{"uv":[0,0,1,2.75],"texture":"#0","tintindex":0},"west":{"uv":[0,0,1.08333,2.75],"texture":"#0","tintindex":0},"up":{"uv":[0,0,2,1.75],"texture":"#0","tintindex":0},"down":{"uv":[0,0,2,1.75],"texture":"#0","tintindex":0}}},{"from":[-5,2.5,1.25],"to":[-3.75,4.75,3.25],"faces":{"north":{"uv":[0,0,1,10],"texture":"#0","tintindex":0},"east":{"uv":[0,0,1,10],"texture":"#0","tintindex":0},"south":{"uv":[0,0,1,10],"texture":"#0","tintindex":0},"west":{"uv":[0,0,1,10],"texture":"#0","tintindex":0},"up":{"uv":[0,0,1,1],"texture":"#0","tintindex":0},"down":{"uv":[0,0,1,1],"texture":"#0","tintindex":0}}},{"from":[-5.25,4.75,1.5],"to":[-3.75,8,3.5],"faces":{"north":{"uv":[0,0,1.33333,2.75],"texture":"#0","tintindex":0},"east":{"uv":[0,0,1.08333,2.75],"texture":"#0","tintindex":0},"south":{"uv":[0,0,0.66667,2.75],"texture":"#0","tintindex":0},"west":{"uv":[0,0,1.08333,2.75],"texture":"#0","tintindex":0},"up":{"uv":[0,0,1.33333,1.75],"texture":"#0","tintindex":0},"down":{"uv":[0,0,1.33333,1.75],"texture":"#0","tintindex":0}}},{"from":[0.25,0,-13.75],"to":[1.5,2.5,-12],"faces":{"north":{"uv":[0,0,1.33333,2.75],"texture":"#0","tintindex":0},"east":{"uv":[0,0,1.08333,2.75],"texture":"#0","tintindex":0},"south":{"uv":[0,0,1.33333,2.75],"texture":"#0","tintindex":0},"west":{"uv":[0,0,1.08333,2.75],"texture":"#0","tintindex":0},"up":{"uv":[0,0,1.33333,1.75],"texture":"#0","tintindex":0},"down":{"uv":[0,0,1.33333,1.75],"texture":"#0","tintindex":0}}},{"from":[0.25,2.5,-14.25],"to":[1.5,4.75,-12.25],"faces":{"north":{"uv":[0,0,1,10],"texture":"#0","tintindex":0},"east":{"uv":[0,0,1,10],"texture":"#0","tintindex":0},"south":{"uv":[0,0,1,10],"texture":"#0","tintindex":0},"west":{"uv":[0,0,1,10],"texture":"#0","tintindex":0},"up":{"uv":[0,0,1,1],"texture":"#0","tintindex":0},"down":{"uv":[0,0,1,1],"texture":"#0","tintindex":0}}},{"from":[0,4.75,-14.5],"to":[1.75,8,-12.5],"faces":{"north":{"uv":[0,0,1.33333,2.75],"texture":"#0","tintindex":0},"east":{"uv":[0,0,1.08333,2.75],"texture":"#0","tintindex":0},"south":{"uv":[0,0,1.33333,2.75],"texture":"#0","tintindex":0},"west":{"uv":[0,0,1.08333,2.75],"texture":"#0","tintindex":0},"up":{"uv":[0,0,1.33333,1.75],"texture":"#0","tintindex":0},"down":{"uv":[0,0,1.33333,1.75],"texture":"#0","tintindex":0}}},{"from":[-5.5,11.475,-15.5],"to":[-5,12.475,1.25],"rotation":{"angle":-45,"axis":"y","origin":[0,1.225,0]},"faces":{"north":{"uv":[0,0,4.625,1.875],"rotation":270,"texture":"#4"},"east":{"uv":[0,0,4.625,1.875],"rotation":180,"texture":"#4"},"south":{"uv":[0,0,4.625,1.875],"rotation":270,"texture":"#4"},"west":{"uv":[0,0,4.625,1.875],"rotation":270,"texture":"#4"},"up":{"uv":[0,0,4.625,1.875],"rotation":270,"texture":"#4"},"down":{"uv":[0,0,4.625,1.875],"rotation":270,"texture":"#4"}}},{"from":[9.75,12.225,-15.5],"to":[10.25,12.425,5.5],"rotation":{"angle":0,"axis":"y","origin":[0,1.225,0]},"faces":{"north":{"uv":[0,0,4.625,1.875],"rotation":270,"texture":"#4"},"east":{"uv":[0,0,4.625,1.875],"rotation":180,"texture":"#4"},"south":{"uv":[0,0,4.625,1.875],"rotation":270,"texture":"#4"},"west":{"uv":[0,0,4.625,1.875],"rotation":270,"texture":"#4"},"up":{"uv":[0,0,4.625,1.875],"rotation":270,"texture":"#4"},"down":{"uv":[0,0,4.625,1.875],"rotation":270,"texture":"#4"}}},{"from":[16,10.85,-10.75],"to":[16.5,12.475,-3],"rotation":{"angle":0,"axis":"y","origin":[0,1.225,0]},"faces":{"north":{"uv":[0,0,4.625,1.875],"rotation":270,"texture":"#4"},"east":{"uv":[0,0,4.625,1.875],"rotation":180,"texture":"#4"},"south":{"uv":[0,0,4.625,1.875],"rotation":270,"texture":"#4"},"west":{"uv":[0,0,4.625,1.875],"rotation":270,"texture":"#4"},"up":{"uv":[0,0,4.625,1.875],"rotation":270,"texture":"#4"},"down":{"uv":[0,0,4.625,1.875],"rotation":270,"texture":"#4"}}},{"from":[13.75,12.25,-12.5],"to":[14.25,12.425,5.25],"rotation":{"angle":0,"axis":"y","origin":[0,1.225,0]},"faces":{"north":{"uv":[0,0,4.625,1.875],"rotation":270,"texture":"#4"},"east":{"uv":[0,0,4.625,1.875],"rotation":180,"texture":"#4"},"south":{"uv":[0,0,4.625,1.875],"rotation":270,"texture":"#4"},"west":{"uv":[0,0,4.625,1.875],"rotation":270,"texture":"#4"},"up":{"uv":[0,0,4.625,1.875],"rotation":270,"texture":"#4"},"down":{"uv":[0,0,4.625,1.875],"rotation":270,"texture":"#4"}}},{"from":[-4.75,11.475,-3.25],"to":[-4.25,12.475,5.25],"rotation":{"angle":0,"axis":"y","origin":[0,1.225,0]},"faces":{"north":{"uv":[0,0,4.625,1.875],"rotation":270,"texture":"#4"},"east":{"uv":[0,0,4.625,1.875],"rotation":180,"texture":"#4"},"south":{"uv":[0,0,4.625,1.875],"rotation":270,"texture":"#4"},"west":{"uv":[0,0,4.625,1.875],"rotation":270,"texture":"#4"},"up":{"uv":[0,0,4.625,1.875],"rotation":270,"texture":"#4"},"down":{"uv":[0,0,4.625,1.875],"rotation":270,"texture":"#4"}}},{"from":[5.25,12.25,-2.2],"to":[5.75,12.425,5.5],"rotation":{"angle":0,"axis":"y","origin":[0,1.225,0]},"faces":{"north":{"uv":[0,0,4.625,1.875],"rotation":270,"texture":"#4"},"east":{"uv":[0,0,4.625,1.875],"rotation":180,"texture":"#4"},"south":{"uv":[0,0,4.625,1.875],"rotation":270,"texture":"#4"},"west":{"uv":[0,0,4.625,1.875],"rotation":270,"texture":"#4"},"up":{"uv":[0,0,4.625,1.875],"rotation":270,"texture":"#4"},"down":{"uv":[0,0,4.625,1.875],"rotation":270,"texture":"#4"}}},{"from":[3.975,12.2,-16],"to":[4.475,12.425,-4],"rotation":{"angle":-22.5,"axis":"y","origin":[0,1.225,0]},"faces":{"north":{"uv":[0,0,4.625,1.875],"rotation":270,"texture":"#4"},"east":{"uv":[0,0,4.625,1.875],"rotation":180,"texture":"#4"},"south":{"uv":[0,0,4.625,1.875],"rotation":270,"texture":"#4"},"west":{"uv":[0,0,4.625,1.875],"rotation":270,"texture":"#4"},"up":{"uv":[0,0,4.625,1.875],"rotation":270,"texture":"#4"},"down":{"uv":[0,0,4.625,1.875],"rotation":270,"texture":"#4"}}},{"from":[-1.5,10.975,-14.75],"to":[12.25,12.475,-14.25],"rotation":{"angle":0,"axis":"y","origin":[0,1.225,0]},"faces":{"north":{"uv":[0,0,4.625,1.875],"rotation":270,"texture":"#4"},"east":{"uv":[0,0,4.625,1.875],"rotation":180,"texture":"#4"},"south":{"uv":[0,0,4.625,1.875],"rotation":90,"texture":"#4"},"west":{"uv":[0,0,4.625,1.875],"rotation":270,"texture":"#4"},"up":{"uv":[0,0,4.625,1.875],"rotation":270,"texture":"#4"},"down":{"uv":[0,0,4.625,1.875],"rotation":270,"texture":"#4"}}},{"from":[-5,11.725,1.75],"to":[18.5,12.975,2.25],"rotation":{"angle":0,"axis":"y","origin":[0,1.225,0]},"faces":{"north":{"uv":[0,0,4.625,1.875],"rotation":270,"texture":"#4"},"east":{"uv":[0,0,4.625,1.875],"rotation":180,"texture":"#4"},"south":{"uv":[0,0,4.625,1.875],"rotation":270,"texture":"#4"},"west":{"uv":[0,0,4.625,1.875],"rotation":270,"texture":"#4"},"up":{"uv":[0,0,4.625,1.875],"rotation":270,"texture":"#4"},"down":{"uv":[0,0,4.625,1.875],"rotation":270,"texture":"#4"}}},{"from":[18.5,10.975,-2],"to":[19,12.475,4.5],"rotation":{"angle":45,"axis":"y","origin":[0,1.225,0]},"faces":{"north":{"uv":[0,0,4.625,1.875],"rotation":270,"texture":"#4","tintindex":0},"east":{"uv":[0,0,4.625,1.875],"rotation":180,"texture":"#4","tintindex":0},"south":{"uv":[0,0,4.625,1.875],"rotation":270,"texture":"#4","tintindex":0},"west":{"uv":[0,0,4.625,1.875],"rotation":90,"texture":"#4"},"up":{"uv":[0,0,4.625,1.875],"rotation":270,"texture":"#4"},"down":{"uv":[0,0,4.625,1.875],"rotation":270,"texture":"#4","tintindex":0}}},{"from":[14.15,9,-3.15],"to":[16.15,11.25,-1.15],"rotation":{"angle":22.5,"axis":"y","origin":[0,0,0]},"faces":{"north":{"uv":[0,0,2,3],"texture":"#2"},"east":{"uv":[0,0,2,3],"texture":"#2"},"south":{"uv":[0,0,2,3],"texture":"#2"},"west":{"uv":[0,0,2,3],"texture":"#2"},"up":{"uv":[0,0,16,16],"texture":"#2"},"down":{"uv":[0,0,2,3],"texture":"#2"}}},{"from":[9.875,9,-7.55],"to":[11.05,11,-6.325],"rotation":{"angle":22.5,"axis":"y","origin":[0,0,0]},"faces":{"north":{"uv":[0,0,2,3],"texture":"#2"},"east":{"uv":[0,0,2,3],"texture":"#2"},"south":{"uv":[0,0,2,3],"texture":"#2"},"west":{"uv":[0,0,2,3],"texture":"#2"},"up":{"uv":[0,0,16,16],"texture":"#2"},"down":{"uv":[0,0,2,3],"texture":"#2"}}},{"from":[11.75,9,-5.8],"to":[13.5,11,-3.925],"rotation":{"angle":22.5,"axis":"y","origin":[0,0,0]},"faces":{"north":{"uv":[0,0,2,3],"texture":"#2"},"east":{"uv":[0,0,2,3],"texture":"#2"},"south":{"uv":[0,0,2,3],"texture":"#2"},"west":{"uv":[0,0,2,3],"texture":"#2"},"up":{"uv":[0,0,16,16],"texture":"#2"},"down":{"uv":[0,0,2,3],"texture":"#2"}}},{"from":[8.525,9,-9.025],"to":[9.45,11,-8.05],"rotation":{"angle":22.5,"axis":"y","origin":[0,0,0]},"faces":{"north":{"uv":[0,0,2,3],"texture":"#2"},"east":{"uv":[0,0,2,3],"texture":"#2"},"south":{"uv":[0,0,2,3],"texture":"#2"},"west":{"uv":[0,0,2,3],"texture":"#2"},"up":{"uv":[0,0,16,16],"texture":"#2"},"down":{"uv":[0,0,2,3],"texture":"#2"}}},{"from":[7.1,9.025,-10.325],"to":[7.875,11.025,-9.6],"rotation":{"angle":22.5,"axis":"y","origin":[0,0,0]},"faces":{"north":{"uv":[0,0,2,3],"texture":"#2"},"east":{"uv":[0,0,2,3],"texture":"#2"},"south":{"uv":[0,0,2,3],"texture":"#2"},"west":{"uv":[0,0,2,3],"texture":"#2"},"up":{"uv":[0,0,16,16],"texture":"#2"},"down":{"uv":[0,0,2,3],"texture":"#2"}}},{"from":[-3.475,11.425,0.75],"to":[-3.3,11.775,1.75],"rotation":{"angle":-22.5,"axis":"x","origin":[0,11,0]},"faces":{"north":{"uv":[5.33333,7.66667,12,13.66667],"texture":"#0"},"east":{"uv":[5.33333,7.66667,12,13.66667],"texture":"#0"},"south":{"uv":[5.33333,7.66667,12,13.66667],"texture":"#0"},"west":{"uv":[5.33333,7.66667,12,13.66667],"texture":"#0"},"up":{"uv":[5.33333,7.66667,12,13.66667],"texture":"#0"},"down":{"uv":[5.33333,7.66667,12,13.66667],"texture":"#0"}}},{"name":"string","from":[-3.425,9.675,1.275],"to":[-3.325,11.85,1.45],"rotation":{"angle":-22.5,"axis":"x","origin":[0,11,0]},"faces":{"north":{"uv":[0,0,0.1,2.175],"texture":"#3"},"east":{"uv":[0,0,2.175,0.175],"texture":"#3"},"south":{"uv":[0,0,0.1,2.175],"texture":"#3"},"west":{"uv":[0,0,2.175,0.175],"texture":"#3"},"up":{"uv":[0,0,0.1,0.175],"texture":"#3"},"down":{"uv":[0,0,0.1,0.175],"texture":"#3"}}},{"from":[-3.35,11,-11.875],"to":[-3.3,11.25,5.25],"faces":{"north":{"uv":[0,0,0.025,0.125],"texture":"#0"},"east":{"uv":[0,0,5.5,0.125],"texture":"#0"},"south":{"uv":[0,0,0.025,0.125],"texture":"#0"},"west":{"uv":[0,0,5.5,0.125],"texture":"#0"},"up":{"uv":[0,0,1.025,11.83333],"texture":"#0"},"down":{"uv":[0,0,0.025,5.5],"texture":"#0"}}},{"from":[-3.1,11.425,0.75],"to":[-2.925,11.775,1.75],"rotation":{"angle":-22.5,"axis":"x","origin":[0.375,11,0]},"faces":{"north":{"uv":[5.33333,7.66667,12,13.66667],"texture":"#0"},"east":{"uv":[5.33333,7.66667,12,13.66667],"texture":"#0"},"south":{"uv":[5.33333,7.66667,12,13.66667],"texture":"#0"},"west":{"uv":[5.33333,7.66667,12,13.66667],"texture":"#0"},"up":{"uv":[5.33333,7.66667,12,13.66667],"texture":"#0"},"down":{"uv":[5.33333,7.66667,12,13.66667],"texture":"#0"}}},{"name":"string","from":[-3.05,9.675,1.275],"to":[-2.95,11.85,1.45],"rotation":{"angle":-22.5,"axis":"x","origin":[0.375,11,0]},"faces":{"north":{"uv":[0,0,0.05,1.0875],"texture":"#3"},"east":{"uv":[0,0,0.0875,1.0875],"texture":"#3"},"south":{"uv":[0,0,0.05,1.0875],"texture":"#3"},"west":{"uv":[0,0,0.0875,1.0875],"texture":"#3"},"up":{"uv":[0,0,0.05,0.0875],"texture":"#3"},"down":{"uv":[0,0,0.05,0.0875],"texture":"#3"}}},{"from":[-2.975,11,-11.875],"to":[-2.925,11.25,5.25],"rotation":{"angle":0,"axis":"y","origin":[0.375,0,0]},"faces":{"north":{"uv":[0,0,0.025,0.125],"texture":"#0"},"east":{"uv":[0,0,5.5,0.125],"texture":"#0"},"south":{"uv":[0,0,0.025,0.125],"texture":"#0"},"west":{"uv":[0,0,5.5,0.125],"texture":"#0"},"up":{"uv":[0,0,1.025,11.83333],"texture":"#0"},"down":{"uv":[0,0,0.025,5.5],"texture":"#0"}}},{"from":[-2.125,11.425,0.75],"to":[-1.95,11.775,1.75],"rotation":{"angle":-22.5,"axis":"x","origin":[1.35,11,0]},"faces":{"north":{"uv":[5.33333,7.66667,12,13.66667],"texture":"#0"},"east":{"uv":[5.33333,7.66667,12,13.66667],"texture":"#0"},"south":{"uv":[5.33333,7.66667,12,13.66667],"texture":"#0"},"west":{"uv":[5.33333,7.66667,12,13.66667],"texture":"#0"},"up":{"uv":[5.33333,7.66667,12,13.66667],"texture":"#0"},"down":{"uv":[5.33333,7.66667,12,13.66667],"texture":"#0"}}},{"name":"string","from":[-2.075,9.675,1.275],"to":[-1.975,11.85,1.45],"rotation":{"angle":-22.5,"axis":"x","origin":[1.35,11,0]},"faces":{"north":{"uv":[0,0,0.05,1.0875],"texture":"#3"},"east":{"uv":[0,0,0.0875,1.0875],"texture":"#3"},"south":{"uv":[0,0,0.05,1.0875],"texture":"#3"},"west":{"uv":[0,0,0.0875,1.0875],"texture":"#3"},"up":{"uv":[0,0,0.05,0.0875],"texture":"#3"},"down":{"uv":[0,0,0.05,0.0875],"texture":"#3"}}},{"from":[-2,11,-11.875],"to":[-1.95,11.25,5.25],"rotation":{"angle":0,"axis":"y","origin":[1.35,0,0]},"faces":{"north":{"uv":[0,0,0.025,0.125],"texture":"#0"},"east":{"uv":[0,0,5.5,0.125],"texture":"#0"},"south":{"uv":[0,0,0.025,0.125],"texture":"#0"},"west":{"uv":[0,0,5.5,0.125],"texture":"#0"},"up":{"uv":[0,0,1.025,11.83333],"texture":"#0"},"down":{"uv":[0,0,0.025,5.5],"texture":"#0"}}},{"from":[-2.575,11.425,0.75],"to":[-2.4,11.775,1.75],"rotation":{"angle":-22.5,"axis":"x","origin":[0.9,11,0]},"faces":{"north":{"uv":[5.33333,7.66667,12,13.66667],"texture":"#0"},"east":{"uv":[5.33333,7.66667,12,13.66667],"texture":"#0"},"south":{"uv":[5.33333,7.66667,12,13.66667],"texture":"#0"},"west":{"uv":[5.33333,7.66667,12,13.66667],"texture":"#0"},"up":{"uv":[5.33333,7.66667,12,13.66667],"texture":"#0"},"down":{"uv":[5.33333,7.66667,12,13.66667],"texture":"#0"}}},{"name":"string","from":[-2.525,9.675,1.275],"to":[-2.425,11.85,1.45],"rotation":{"angle":-22.5,"axis":"x","origin":[0.9,11,0]},"faces":{"north":{"uv":[0,0,0.05,1.0875],"texture":"#3"},"east":{"uv":[0,0,0.0875,1.0875],"texture":"#3"},"south":{"uv":[0,0,0.05,1.0875],"texture":"#3"},"west":{"uv":[0,0,0.0875,1.0875],"texture":"#3"},"up":{"uv":[0,0,0.05,0.0875],"texture":"#3"},"down":{"uv":[0,0,0.05,0.0875],"texture":"#3"}}},{"from":[-2.45,11,-11.925],"to":[-2.4,11.25,5.25],"rotation":{"angle":0,"axis":"y","origin":[0.9,0,0]},"faces":{"north":{"uv":[0,0,0.025,0.125],"texture":"#0"},"east":{"uv":[0,0,5.5,0.125],"texture":"#0"},"south":{"uv":[0,0,0.025,0.125],"texture":"#0"},"west":{"uv":[0,0,5.5,0.125],"texture":"#0"},"up":{"uv":[0,0,1.025,11.83333],"texture":"#0"},"down":{"uv":[0,0,0.025,5.5],"texture":"#0"}}},{"from":[-1.65,11.425,0.75],"to":[-1.475,11.775,1.75],"rotation":{"angle":-22.5,"axis":"x","origin":[1.825,11,0]},"faces":{"north":{"uv":[5.33333,7.66667,12,13.66667],"texture":"#0"},"east":{"uv":[5.33333,7.66667,12,13.66667],"texture":"#0"},"south":{"uv":[5.33333,7.66667,12,13.66667],"texture":"#0"},"west":{"uv":[5.33333,7.66667,12,13.66667],"texture":"#0"},"up":{"uv":[5.33333,7.66667,12,13.66667],"texture":"#0"},"down":{"uv":[5.33333,7.66667,12,13.66667],"texture":"#0"}}},{"name":"string","from":[-1.6,9.675,1.275],"to":[-1.5,11.85,1.45],"rotation":{"angle":-22.5,"axis":"x","origin":[1.825,11,0]},"faces":{"north":{"uv":[0,0,0.05,1.0875],"texture":"#3"},"east":{"uv":[0,0,0.0875,1.0875],"texture":"#3"},"south":{"uv":[0,0,0.05,1.0875],"texture":"#3"},"west":{"uv":[0,0,0.0875,1.0875],"texture":"#3"},"up":{"uv":[0,0,0.05,0.0875],"texture":"#3"},"down":{"uv":[0,0,0.05,0.0875],"texture":"#3"}}},{"from":[-1.525,11,-11.65],"to":[-1.475,11.25,5.25],"rotation":{"angle":0,"axis":"y","origin":[1.825,0,0]},"faces":{"north":{"uv":[0,0,0.025,0.125],"texture":"#0"},"east":{"uv":[0,0,5.5,0.125],"texture":"#0"},"south":{"uv":[0,0,0.025,0.125],"texture":"#0"},"west":{"uv":[0,0,5.5,0.125],"texture":"#0"},"up":{"uv":[0,0,1.025,11.83333],"texture":"#0"},"down":{"uv":[0,0,0.025,5.5],"texture":"#0"}}},{"from":[-1.275,11.425,0.75],"to":[-1.1,11.775,1.75],"rotation":{"angle":-22.5,"axis":"x","origin":[2.2,11,0]},"faces":{"north":{"uv":[5.33333,7.66667,12,13.66667],"texture":"#0"},"east":{"uv":[5.33333,7.66667,12,13.66667],"texture":"#0"},"south":{"uv":[5.33333,7.66667,12,13.66667],"texture":"#0"},"west":{"uv":[5.33333,7.66667,12,13.66667],"texture":"#0"},"up":{"uv":[5.33333,7.66667,12,13.66667],"texture":"#0"},"down":{"uv":[5.33333,7.66667,12,13.66667],"texture":"#0"}}},{"name":"string","from":[-1.225,9.675,1.275],"to":[-1.125,11.85,1.45],"rotation":{"angle":-22.5,"axis":"x","origin":[2.2,11,0]},"faces":{"north":{"uv":[0,0,0.05,1.0875],"texture":"#3"},"east":{"uv":[0,0,0.0875,1.0875],"texture":"#3"},"south":{"uv":[0,0,0.05,1.0875],"texture":"#3"},"west":{"uv":[0,0,0.0875,1.0875],"texture":"#3"},"up":{"uv":[0,0,0.05,0.0875],"texture":"#3"},"down":{"uv":[0,0,0.05,0.0875],"texture":"#3"}}},{"from":[-1.15,11,-11.625],"to":[-1.1,11.25,5.25],"rotation":{"angle":0,"axis":"y","origin":[2.2,0,0]},"faces":{"north":{"uv":[0,0,0.025,0.125],"texture":"#0"},"east":{"uv":[0,0,5.5,0.125],"texture":"#0"},"south":{"uv":[0,0,0.025,0.125],"texture":"#0"},"west":{"uv":[0,0,5.5,0.125],"texture":"#0"},"up":{"uv":[0,0,1.025,11.83333],"texture":"#0"},"down":{"uv":[0,0,0.025,5.5],"texture":"#0"}}},{"from":[-0.3,11.425,0.75],"to":[-0.125,11.775,1.75],"rotation":{"angle":-22.5,"axis":"x","origin":[3.175,11,0]},"faces":{"north":{"uv":[5.33333,7.66667,12,13.66667],"texture":"#0"},"east":{"uv":[5.33333,7.66667,12,13.66667],"texture":"#0"},"south":{"uv":[5.33333,7.66667,12,13.66667],"texture":"#0"},"west":{"uv":[5.33333,7.66667,12,13.66667],"texture":"#0"},"up":{"uv":[5.33333,7.66667,12,13.66667],"texture":"#0"},"down":{"uv":[5.33333,7.66667,12,13.66667],"texture":"#0"}}},{"name":"string","from":[-0.25,9.675,1.275],"to":[-0.15,11.85,1.45],"rotation":{"angle":-22.5,"axis":"x","origin":[3.175,11,0]},"faces":{"north":{"uv":[0,0,0.05,1.0875],"texture":"#3"},"east":{"uv":[0,0,0.0875,1.0875],"texture":"#3"},"south":{"uv":[0,0,0.05,1.0875],"texture":"#3"},"west":{"uv":[0,0,0.0875,1.0875],"texture":"#3"},"up":{"uv":[0,0,0.05,0.0875],"texture":"#3"},"down":{"uv":[0,0,0.05,0.0875],"texture":"#3"}}},{"from":[-0.175,11,-11.375],"to":[-0.125,11.25,5.25],"rotation":{"angle":0,"axis":"y","origin":[3.175,0,0]},"faces":{"north":{"uv":[0,0,0.025,0.125],"texture":"#0"},"east":{"uv":[0,0,5.5,0.125],"texture":"#0"},"south":{"uv":[0,0,0.025,0.125],"texture":"#0"},"west":{"uv":[0,0,5.5,0.125],"texture":"#0"},"up":{"uv":[0,0,1.025,11.83333],"texture":"#0"},"down":{"uv":[0,0,0.025,5.5],"texture":"#0"}}},{"from":[-0.75,11.425,0.75],"to":[-0.575,11.775,1.75],"rotation":{"angle":-22.5,"axis":"x","origin":[2.725,11,0]},"faces":{"north":{"uv":[5.33333,7.66667,12,13.66667],"texture":"#0"},"east":{"uv":[5.33333,7.66667,12,13.66667],"texture":"#0"},"south":{"uv":[5.33333,7.66667,12,13.66667],"texture":"#0"},"west":{"uv":[5.33333,7.66667,12,13.66667],"texture":"#0"},"up":{"uv":[5.33333,7.66667,12,13.66667],"texture":"#0"},"down":{"uv":[5.33333,7.66667,12,13.66667],"texture":"#0"}}},{"name":"string","from":[-0.7,9.675,1.275],"to":[-0.6,11.85,1.45],"rotation":{"angle":-22.5,"axis":"x","origin":[2.725,11,0]},"faces":{"north":{"uv":[0,0,0.05,1.0875],"texture":"#3"},"east":{"uv":[0,0,0.0875,1.0875],"texture":"#3"},"south":{"uv":[0,0,0.05,1.0875],"texture":"#3"},"west":{"uv":[0,0,0.0875,1.0875],"texture":"#3"},"up":{"uv":[0,0,0.05,0.0875],"texture":"#3"},"down":{"uv":[0,0,0.05,0.0875],"texture":"#3"}}},{"from":[-0.625,11,-11.5],"to":[-0.575,11.25,5.25],"rotation":{"angle":0,"axis":"y","origin":[2.725,0,0]},"faces":{"north":{"uv":[0,0,0.025,0.125],"texture":"#0"},"east":{"uv":[0,0,5.5,0.125],"texture":"#0"},"south":{"uv":[0,0,0.025,0.125],"texture":"#0"},"west":{"uv":[0,0,5.5,0.125],"texture":"#0"},"up":{"uv":[0,0,1.025,11.83333],"texture":"#0"},"down":{"uv":[0,0,0.025,5.5],"texture":"#0"}}},{"from":[0.125,11.425,0.75],"to":[0.3,11.775,1.75],"rotation":{"angle":-22.5,"axis":"x","origin":[3.6,11,0]},"faces":{"north":{"uv":[5.33333,7.66667,12,13.66667],"texture":"#0"},"east":{"uv":[5.33333,7.66667,12,13.66667],"texture":"#0"},"south":{"uv":[5.33333,7.66667,12,13.66667],"texture":"#0"},"west":{"uv":[5.33333,7.66667,12,13.66667],"texture":"#0"},"up":{"uv":[5.33333,7.66667,12,13.66667],"texture":"#0"},"down":{"uv":[5.33333,7.66667,12,13.66667],"texture":"#0"}}},{"name":"string","from":[0.175,9.675,1.275],"to":[0.275,11.85,1.45],"rotation":{"angle":-22.5,"axis":"x","origin":[3.6,11,0]},"faces":{"north":{"uv":[0,0,0.05,1.0875],"texture":"#3"},"east":{"uv":[0,0,0.0875,1.0875],"texture":"#3"},"south":{"uv":[0,0,0.05,1.0875],"texture":"#3"},"west":{"uv":[0,0,0.0875,1.0875],"texture":"#3"},"up":{"uv":[0,0,0.05,0.0875],"texture":"#3"},"down":{"uv":[0,0,0.05,0.0875],"texture":"#3"}}},{"from":[0.25,11,-11.3],"to":[0.3,11.25,5.25],"rotation":{"angle":0,"axis":"y","origin":[3.6,0,0]},"faces":{"north":{"uv":[0,0,0.025,0.125],"texture":"#0"},"east":{"uv":[0,0,5.5,0.125],"texture":"#0"},"south":{"uv":[0,0,0.025,0.125],"texture":"#0"},"west":{"uv":[0,0,5.5,0.125],"texture":"#0"},"up":{"uv":[0,0,1.025,11.83333],"texture":"#0"},"down":{"uv":[0,0,0.025,5.5],"texture":"#0"}}},{"from":[0.5,11.425,0.75],"to":[0.675,11.775,1.75],"rotation":{"angle":-22.5,"axis":"x","origin":[3.975,11,0]},"faces":{"north":{"uv":[5.33333,7.66667,12,13.66667],"texture":"#0"},"east":{"uv":[5.33333,7.66667,12,13.66667],"texture":"#0"},"south":{"uv":[5.33333,7.66667,12,13.66667],"texture":"#0"},"west":{"uv":[5.33333,7.66667,12,13.66667],"texture":"#0"},"up":{"uv":[5.33333,7.66667,12,13.66667],"texture":"#0"},"down":{"uv":[5.33333,7.66667,12,13.66667],"texture":"#0"}}},{"name":"string","from":[0.55,9.675,1.275],"to":[0.65,11.85,1.45],"rotation":{"angle":-22.5,"axis":"x","origin":[3.975,11,0]},"faces":{"north":{"uv":[0,0,0.05,1.0875],"texture":"#3"},"east":{"uv":[0,0,0.0875,1.0875],"texture":"#3"},"south":{"uv":[0,0,0.05,1.0875],"texture":"#3"},"west":{"uv":[0,0,0.0875,1.0875],"texture":"#3"},"up":{"uv":[0,0,0.05,0.0875],"texture":"#3"},"down":{"uv":[0,0,0.05,0.0875],"texture":"#3"}}},{"from":[0.625,11,-11.125],"to":[0.675,11.25,5.25],"rotation":{"angle":0,"axis":"y","origin":[3.975,0,0]},"faces":{"north":{"uv":[0,0,0.025,0.125],"texture":"#0"},"east":{"uv":[0,0,5.5,0.125],"texture":"#0"},"south":{"uv":[0,0,0.025,0.125],"texture":"#0"},"west":{"uv":[0,0,5.5,0.125],"texture":"#0"},"up":{"uv":[0,0,1.025,11.83333],"texture":"#0"},"down":{"uv":[0,0,0.025,5.5],"texture":"#0"}}},{"from":[1.475,11.425,0.75],"to":[1.65,11.775,1.75],"rotation":{"angle":-22.5,"axis":"x","origin":[4.95,11,0]},"faces":{"north":{"uv":[5.33333,7.66667,12,13.66667],"texture":"#0"},"east":{"uv":[5.33333,7.66667,12,13.66667],"texture":"#0"},"south":{"uv":[5.33333,7.66667,12,13.66667],"texture":"#0"},"west":{"uv":[5.33333,7.66667,12,13.66667],"texture":"#0"},"up":{"uv":[5.33333,7.66667,12,13.66667],"texture":"#0"},"down":{"uv":[5.33333,7.66667,12,13.66667],"texture":"#0"}}},{"name":"string","from":[1.525,9.675,1.275],"to":[1.625,11.85,1.45],"rotation":{"angle":-22.5,"axis":"x","origin":[4.95,11,0]},"faces":{"north":{"uv":[0,0,0.05,1.0875],"texture":"#3"},"east":{"uv":[0,0,0.0875,1.0875],"texture":"#3"},"south":{"uv":[0,0,0.05,1.0875],"texture":"#3"},"west":{"uv":[0,0,0.0875,1.0875],"texture":"#3"},"up":{"uv":[0,0,0.05,0.0875],"texture":"#3"},"down":{"uv":[0,0,0.05,0.0875],"texture":"#3"}}},{"from":[1.6,11,-10.625],"to":[1.65,11.25,5.25],"rotation":{"angle":0,"axis":"y","origin":[4.95,0,0]},"faces":{"north":{"uv":[0,0,0.025,0.125],"texture":"#0"},"east":{"uv":[0,0,5.5,0.125],"texture":"#0"},"south":{"uv":[0,0,0.025,0.125],"texture":"#0"},"west":{"uv":[0,0,5.5,0.125],"texture":"#0"},"up":{"uv":[0,0,1.025,11.83333],"texture":"#0"},"down":{"uv":[0,0,0.025,5.5],"texture":"#0"}}},{"from":[1.025,11.425,0.75],"to":[1.2,11.775,1.75],"rotation":{"angle":-22.5,"axis":"x","origin":[4.5,11,0]},"faces":{"north":{"uv":[5.33333,7.66667,12,13.66667],"texture":"#0"},"east":{"uv":[5.33333,7.66667,12,13.66667],"texture":"#0"},"south":{"uv":[5.33333,7.66667,12,13.66667],"texture":"#0"},"west":{"uv":[5.33333,7.66667,12,13.66667],"texture":"#0"},"up":{"uv":[5.33333,7.66667,12,13.66667],"texture":"#0"},"down":{"uv":[5.33333,7.66667,12,13.66667],"texture":"#0"}}},{"name":"string","from":[1.075,9.675,1.275],"to":[1.175,11.85,1.45],"rotation":{"angle":-22.5,"axis":"x","origin":[4.5,11,0]},"faces":{"north":{"uv":[0,0,0.05,1.0875],"texture":"#3"},"east":{"uv":[0,0,0.0875,1.0875],"texture":"#3"},"south":{"uv":[0,0,0.05,1.0875],"texture":"#3"},"west":{"uv":[0,0,0.0875,1.0875],"texture":"#3"},"up":{"uv":[0,0,0.05,0.0875],"texture":"#3"},"down":{"uv":[0,0,0.05,0.0875],"texture":"#3"}}},{"from":[1.15,11,-10.85],"to":[1.2,11.25,5.25],"rotation":{"angle":0,"axis":"y","origin":[4.5,0,0]},"faces":{"north":{"uv":[0,0,0.025,0.125],"texture":"#0"},"east":{"uv":[0,0,5.5,0.125],"texture":"#0"},"south":{"uv":[0,0,0.025,0.125],"texture":"#0"},"west":{"uv":[0,0,5.5,0.125],"texture":"#0"},"up":{"uv":[0,0,1.025,11.83333],"texture":"#0"},"down":{"uv":[0,0,0.025,5.5],"texture":"#0"}}},{"from":[1.95,11.425,0.75],"to":[2.125,11.775,1.75],"rotation":{"angle":-22.5,"axis":"x","origin":[5.425,11,0]},"faces":{"north":{"uv":[5.33333,7.66667,12,13.66667],"texture":"#0"},"east":{"uv":[5.33333,7.66667,12,13.66667],"texture":"#0"},"south":{"uv":[5.33333,7.66667,12,13.66667],"texture":"#0"},"west":{"uv":[5.33333,7.66667,12,13.66667],"texture":"#0"},"up":{"uv":[5.33333,7.66667,12,13.66667],"texture":"#0"},"down":{"uv":[5.33333,7.66667,12,13.66667],"texture":"#0"}}},{"name":"string","from":[2,9.675,1.275],"to":[2.1,11.85,1.45],"rotation":{"angle":-22.5,"axis":"x","origin":[5.425,11,0]},"faces":{"north":{"uv":[0,0,0.05,1.0875],"texture":"#3"},"east":{"uv":[0,0,0.0875,1.0875],"texture":"#3"},"south":{"uv":[0,0,0.05,1.0875],"texture":"#3"},"west":{"uv":[0,0,0.0875,1.0875],"texture":"#3"},"up":{"uv":[0,0,0.05,0.0875],"texture":"#3"},"down":{"uv":[0,0,0.05,0.0875],"texture":"#3"}}},{"from":[2.075,11,-10.325],"to":[2.125,11.25,5.25],"rotation":{"angle":0,"axis":"y","origin":[5.425,0,0]},"faces":{"north":{"uv":[0,0,0.025,0.125],"texture":"#0"},"east":{"uv":[0,0,5.5,0.125],"texture":"#0"},"south":{"uv":[0,0,0.025,0.125],"texture":"#0"},"west":{"uv":[0,0,5.5,0.125],"texture":"#0"},"up":{"uv":[0,0,1.025,11.83333],"texture":"#0"},"down":{"uv":[0,0,0.025,5.5],"texture":"#0"}}},{"from":[2.325,11.425,0.75],"to":[2.5,11.775,1.75],"rotation":{"angle":-22.5,"axis":"x","origin":[5.8,11,0]},"faces":{"north":{"uv":[5.33333,7.66667,12,13.66667],"texture":"#0"},"east":{"uv":[5.33333,7.66667,12,13.66667],"texture":"#0"},"south":{"uv":[5.33333,7.66667,12,13.66667],"texture":"#0"},"west":{"uv":[5.33333,7.66667,12,13.66667],"texture":"#0"},"up":{"uv":[5.33333,7.66667,12,13.66667],"texture":"#0"},"down":{"uv":[5.33333,7.66667,12,13.66667],"texture":"#0"}}},{"name":"string","from":[2.375,9.675,1.275],"to":[2.475,11.85,1.45],"rotation":{"angle":-22.5,"axis":"x","origin":[5.8,11,0]},"faces":{"north":{"uv":[0,0,0.05,1.0875],"texture":"#3"},"east":{"uv":[0,0,0.0875,1.0875],"texture":"#3"},"south":{"uv":[0,0,0.05,1.0875],"texture":"#3"},"west":{"uv":[0,0,0.0875,1.0875],"texture":"#3"},"up":{"uv":[0,0,0.05,0.0875],"texture":"#3"},"down":{"uv":[0,0,0.05,0.0875],"texture":"#3"}}},{"from":[2.45,11,-9.975],"to":[2.5,11.25,5.25],"rotation":{"angle":0,"axis":"y","origin":[5.8,0,0]},"faces":{"north":{"uv":[0,0,0.025,0.125],"texture":"#0"},"east":{"uv":[0,0,5.5,0.125],"texture":"#0"},"south":{"uv":[0,0,0.025,0.125],"texture":"#0"},"west":{"uv":[0,0,5.5,0.125],"texture":"#0"},"up":{"uv":[0,0,1.025,11.83333],"texture":"#0"},"down":{"uv":[0,0,0.025,5.5],"texture":"#0"}}},{"from":[3.3,11.425,0.75],"to":[3.475,11.775,1.75],"rotation":{"angle":-22.5,"axis":"x","origin":[6.775,11,0]},"faces":{"north":{"uv":[5.33333,7.66667,12,13.66667],"texture":"#0"},"east":{"uv":[5.33333,7.66667,12,13.66667],"texture":"#0"},"south":{"uv":[5.33333,7.66667,12,13.66667],"texture":"#0"},"west":{"uv":[5.33333,7.66667,12,13.66667],"texture":"#0"},"up":{"uv":[5.33333,7.66667,12,13.66667],"texture":"#0"},"down":{"uv":[5.33333,7.66667,12,13.66667],"texture":"#0"}}},{"name":"string","from":[3.35,9.675,1.275],"to":[3.45,11.85,1.45],"rotation":{"angle":-22.5,"axis":"x","origin":[6.775,11,0]},"faces":{"north":{"uv":[0,0,0.05,1.0875],"texture":"#3"},"east":{"uv":[0,0,0.0875,1.0875],"texture":"#3"},"south":{"uv":[0,0,0.05,1.0875],"texture":"#3"},"west":{"uv":[0,0,0.0875,1.0875],"texture":"#3"},"up":{"uv":[0,0,0.05,0.0875],"texture":"#3"},"down":{"uv":[0,0,0.05,0.0875],"texture":"#3"}}},{"from":[3.425,11,-9.8],"to":[3.475,11.25,5.25],"rotation":{"angle":0,"axis":"y","origin":[6.775,0,0]},"faces":{"north":{"uv":[0,0,0.025,0.125],"texture":"#0"},"east":{"uv":[0,0,5.5,0.125],"texture":"#0"},"south":{"uv":[0,0,0.025,0.125],"texture":"#0"},"west":{"uv":[0,0,5.5,0.125],"texture":"#0"},"up":{"uv":[0,0,1.025,11.83333],"texture":"#0"},"down":{"uv":[0,0,0.025,5.5],"texture":"#0"}}},{"from":[2.85,11.425,0.75],"to":[3.025,11.775,1.75],"rotation":{"angle":-22.5,"axis":"x","origin":[6.325,11,0]},"faces":{"north":{"uv":[5.33333,7.66667,12,13.66667],"texture":"#0"},"east":{"uv":[5.33333,7.66667,12,13.66667],"texture":"#0"},"south":{"uv":[5.33333,7.66667,12,13.66667],"texture":"#0"},"west":{"uv":[5.33333,7.66667,12,13.66667],"texture":"#0"},"up":{"uv":[5.33333,7.66667,12,13.66667],"texture":"#0"},"down":{"uv":[5.33333,7.66667,12,13.66667],"texture":"#0"}}},{"name":"string","from":[2.9,9.675,1.275],"to":[3,11.85,1.45],"rotation":{"angle":-22.5,"axis":"x","origin":[6.325,11,0]},"faces":{"north":{"uv":[0,0,0.05,1.0875],"texture":"#3"},"east":{"uv":[0,0,0.0875,1.0875],"texture":"#3"},"south":{"uv":[0,0,0.05,1.0875],"texture":"#3"},"west":{"uv":[0,0,0.0875,1.0875],"texture":"#3"},"up":{"uv":[0,0,0.05,0.0875],"texture":"#3"},"down":{"uv":[0,0,0.05,0.0875],"texture":"#3"}}},{"from":[2.975,11,-10.025],"to":[3.025,11.25,5.25],"rotation":{"angle":0,"axis":"y","origin":[6.325,0,0]},"faces":{"north":{"uv":[0,0,0.025,0.125],"texture":"#0"},"east":{"uv":[0,0,5.5,0.125],"texture":"#0"},"south":{"uv":[0,0,0.025,0.125],"texture":"#0"},"west":{"uv":[0,0,5.5,0.125],"texture":"#0"},"up":{"uv":[0,0,1.025,11.83333],"texture":"#0"},"down":{"uv":[0,0,0.025,5.5],"texture":"#0"}}},{"from":[3.725,11.425,0.75],"to":[3.9,11.775,1.75],"rotation":{"angle":-22.5,"axis":"x","origin":[7.2,11,0]},"faces":{"north":{"uv":[5.33333,7.66667,12,13.66667],"texture":"#0"},"east":{"uv":[5.33333,7.66667,12,13.66667],"texture":"#0"},"south":{"uv":[5.33333,7.66667,12,13.66667],"texture":"#0"},"west":{"uv":[5.33333,7.66667,12,13.66667],"texture":"#0"},"up":{"uv":[5.33333,7.66667,12,13.66667],"texture":"#0"},"down":{"uv":[5.33333,7.66667,12,13.66667],"texture":"#0"}}},{"name":"string","from":[3.775,9.675,1.275],"to":[3.875,11.85,1.45],"rotation":{"angle":-22.5,"axis":"x","origin":[7.2,11,0]},"faces":{"north":{"uv":[0,0,0.05,1.0875],"texture":"#3"},"east":{"uv":[0,0,0.0875,1.0875],"texture":"#3"},"south":{"uv":[0,0,0.05,1.0875],"texture":"#3"},"west":{"uv":[0,0,0.0875,1.0875],"texture":"#3"},"up":{"uv":[0,0,0.05,0.0875],"texture":"#3"},"down":{"uv":[0,0,0.05,0.0875],"texture":"#3"}}},{"from":[3.85,11,-9.55],"to":[3.9,11.25,5.25],"rotation":{"angle":0,"axis":"y","origin":[7.2,0,0]},"faces":{"north":{"uv":[0,0,0.025,0.125],"texture":"#0"},"east":{"uv":[0,0,5.5,0.125],"texture":"#0"},"south":{"uv":[0,0,0.025,0.125],"texture":"#0"},"west":{"uv":[0,0,5.5,0.125],"texture":"#0"},"up":{"uv":[0,0,1.025,11.83333],"texture":"#0"},"down":{"uv":[0,0,0.025,5.5],"texture":"#0"}}},{"from":[4.1,11.425,0.75],"to":[4.275,11.775,1.75],"rotation":{"angle":-22.5,"axis":"x","origin":[7.575,11,0]},"faces":{"north":{"uv":[5.33333,7.66667,12,13.66667],"texture":"#0"},"east":{"uv":[5.33333,7.66667,12,13.66667],"texture":"#0"},"south":{"uv":[5.33333,7.66667,12,13.66667],"texture":"#0"},"west":{"uv":[5.33333,7.66667,12,13.66667],"texture":"#0"},"up":{"uv":[5.33333,7.66667,12,13.66667],"texture":"#0"},"down":{"uv":[5.33333,7.66667,12,13.66667],"texture":"#0"}}},{"name":"string","from":[4.15,9.675,1.275],"to":[4.25,11.85,1.45],"rotation":{"angle":-22.5,"axis":"x","origin":[7.575,11,0]},"faces":{"north":{"uv":[0,0,0.05,1.0875],"texture":"#3"},"east":{"uv":[0,0,0.0875,1.0875],"texture":"#3"},"south":{"uv":[0,0,0.05,1.0875],"texture":"#3"},"west":{"uv":[0,0,0.0875,1.0875],"texture":"#3"},"up":{"uv":[0,0,0.05,0.0875],"texture":"#3"},"down":{"uv":[0,0,0.05,0.0875],"texture":"#3"}}},{"from":[4.225,11,-9.175],"to":[4.275,11.25,5.25],"rotation":{"angle":0,"axis":"y","origin":[7.575,0,0]},"faces":{"north":{"uv":[0,0,0.025,0.125],"texture":"#0"},"east":{"uv":[0,0,5.5,0.125],"texture":"#0"},"south":{"uv":[0,0,0.025,0.125],"texture":"#0"},"west":{"uv":[0,0,5.5,0.125],"texture":"#0"},"up":{"uv":[0,0,1.025,11.83333],"texture":"#0"},"down":{"uv":[0,0,0.025,5.5],"texture":"#0"}}},{"from":[5.075,11.425,0.7],"to":[5.25,11.775,1.75],"rotation":{"angle":-22.5,"axis":"x","origin":[8.55,11,0]},"faces":{"north":{"uv":[5.33333,7.66667,12,13.66667],"texture":"#0"},"east":{"uv":[5.33333,7.66667,12,13.66667],"texture":"#0"},"south":{"uv":[5.33333,7.66667,12,13.66667],"texture":"#0"},"west":{"uv":[5.33333,7.66667,12,13.66667],"texture":"#0"},"up":{"uv":[5.33333,7.66667,12,13.66667],"texture":"#0"},"down":{"uv":[5.33333,7.66667,12,13.66667],"texture":"#0"}}},{"name":"string","from":[5.125,9.675,1.15],"to":[5.225,11.85,1.45],"rotation":{"angle":-22.5,"axis":"x","origin":[8.55,11,0]},"faces":{"north":{"uv":[0,0,0.05,1.0875],"texture":"#3"},"east":{"uv":[0,0,0.15,1.0875],"texture":"#3"},"south":{"uv":[0,0,0.05,1.0875],"texture":"#3"},"west":{"uv":[0,0,0.15,1.0875],"texture":"#3"},"up":{"uv":[0,0,0.05,0.15],"texture":"#3"},"down":{"uv":[0,0,0.05,0.15],"texture":"#3"}}},{"from":[5.2,11,-8.775],"to":[5.25,11.25,5.25],"rotation":{"angle":0,"axis":"y","origin":[8.55,0,0]},"faces":{"north":{"uv":[0,0,0.025,0.125],"texture":"#0"},"east":{"uv":[0,0,5.5,0.125],"texture":"#0"},"south":{"uv":[0,0,0.025,0.125],"texture":"#0"},"west":{"uv":[0,0,5.5,0.125],"texture":"#0"},"up":{"uv":[0,0,1.025,11.83333],"texture":"#0"},"down":{"uv":[0,0,0.025,5.5],"texture":"#0"}}},{"from":[4.625,11.425,0.75],"to":[4.8,11.775,1.75],"rotation":{"angle":-22.5,"axis":"x","origin":[8.1,11,0]},"faces":{"north":{"uv":[5.33333,7.66667,12,13.66667],"texture":"#0"},"east":{"uv":[5.33333,7.66667,12,13.66667],"texture":"#0"},"south":{"uv":[5.33333,7.66667,12,13.66667],"texture":"#0"},"west":{"uv":[5.33333,7.66667,12,13.66667],"texture":"#0"},"up":{"uv":[5.33333,7.66667,12,13.66667],"texture":"#0"},"down":{"uv":[5.33333,7.66667,12,13.66667],"texture":"#0"}}},{"name":"string","from":[4.675,9.675,1.275],"to":[4.775,11.85,1.45],"rotation":{"angle":-22.5,"axis":"x","origin":[8.1,11,0]},"faces":{"north":{"uv":[0,0,0.05,1.0875],"texture":"#3"},"east":{"uv":[0,0,0.0875,1.0875],"texture":"#3"},"south":{"uv":[0,0,0.05,1.0875],"texture":"#3"},"west":{"uv":[0,0,0.0875,1.0875],"texture":"#3"},"up":{"uv":[0,0,0.05,0.0875],"texture":"#3"},"down":{"uv":[0,0,0.05,0.0875],"texture":"#3"}}},{"from":[4.75,11,-9],"to":[4.8,11.25,5.25],"rotation":{"angle":0,"axis":"y","origin":[8.1,0,0]},"faces":{"north":{"uv":[0,0,0.025,0.125],"texture":"#0"},"east":{"uv":[0,0,5.5,0.125],"texture":"#0"},"south":{"uv":[0,0,0.025,0.125],"texture":"#0"},"west":{"uv":[0,0,5.5,0.125],"texture":"#0"},"up":{"uv":[0,0,1.025,11.83333],"texture":"#0"},"down":{"uv":[0,0,0.025,5.5],"texture":"#0"}}},{"from":[5.55,11.425,0.75],"to":[5.725,11.775,1.75],"rotation":{"angle":-22.5,"axis":"x","origin":[9.025,11,0]},"faces":{"north":{"uv":[5.33333,7.66667,12,13.66667],"texture":"#0"},"east":{"uv":[5.33333,7.66667,12,13.66667],"texture":"#0"},"south":{"uv":[5.33333,7.66667,12,13.66667],"texture":"#0"},"west":{"uv":[5.33333,7.66667,12,13.66667],"texture":"#0"},"up":{"uv":[5.33333,7.66667,12,13.66667],"texture":"#0"},"down":{"uv":[5.33333,7.66667,12,13.66667],"texture":"#0"}}},{"name":"string","from":[5.6,9.675,1.275],"to":[5.7,11.85,1.45],"rotation":{"angle":-22.5,"axis":"x","origin":[9.025,11,0]},"faces":{"north":{"uv":[0,0,0.05,1.0875],"texture":"#3"},"east":{"uv":[0,0,0.0875,1.0875],"texture":"#3"},"south":{"uv":[0,0,0.05,1.0875],"texture":"#3"},"west":{"uv":[0,0,0.0875,1.0875],"texture":"#3"},"up":{"uv":[0,0,0.05,0.0875],"texture":"#3"},"down":{"uv":[0,0,0.05,0.0875],"texture":"#3"}}},{"from":[5.675,11,-8.5],"to":[5.725,11.25,5.25],"rotation":{"angle":0,"axis":"y","origin":[9.025,0,0]},"faces":{"north":{"uv":[0,0,0.025,0.125],"texture":"#0"},"east":{"uv":[0,0,5.5,0.125],"texture":"#0"},"south":{"uv":[0,0,0.025,0.125],"texture":"#0"},"west":{"uv":[0,0,5.5,0.125],"texture":"#0"},"up":{"uv":[0,0,1.025,11.83333],"texture":"#0"},"down":{"uv":[0,0,0.025,5.5],"texture":"#0"}}},{"from":[5.925,11.425,0.75],"to":[6.1,11.775,1.75],"rotation":{"angle":-22.5,"axis":"x","origin":[9.4,11,0]},"faces":{"north":{"uv":[5.33333,7.66667,12,13.66667],"texture":"#0"},"east":{"uv":[5.33333,7.66667,12,13.66667],"texture":"#0"},"south":{"uv":[5.33333,7.66667,12,13.66667],"texture":"#0"},"west":{"uv":[5.33333,7.66667,12,13.66667],"texture":"#0"},"up":{"uv":[5.33333,7.66667,12,13.66667],"texture":"#0"},"down":{"uv":[5.33333,7.66667,12,13.66667],"texture":"#0"}}},{"name":"string","from":[5.975,9.675,1.275],"to":[6.075,11.85,1.45],"rotation":{"angle":-22.5,"axis":"x","origin":[9.4,11,0]},"faces":{"north":{"uv":[0,0,0.05,1.0875],"texture":"#3"},"east":{"uv":[0,0,0.0875,1.0875],"texture":"#3"},"south":{"uv":[0,0,0.05,1.0875],"texture":"#3"},"west":{"uv":[0,0,0.0875,1.0875],"texture":"#3"},"up":{"uv":[0,0,0.05,0.0875],"texture":"#3"},"down":{"uv":[0,0,0.05,0.0875],"texture":"#3"}}},{"from":[6.05,11,-8.525],"to":[6.1,11.25,5.25],"rotation":{"angle":0,"axis":"y","origin":[9.4,0,0]},"faces":{"north":{"uv":[0,0,0.025,0.125],"texture":"#0"},"east":{"uv":[0,0,5.5,0.125],"texture":"#0"},"south":{"uv":[0,0,0.025,0.125],"texture":"#0"},"west":{"uv":[0,0,5.5,0.125],"texture":"#0"},"up":{"uv":[0,0,1.025,11.83333],"texture":"#0"},"down":{"uv":[0,0,0.025,5.5],"texture":"#0"}}},{"from":[6.9,11.425,0.75],"to":[7.075,11.775,1.75],"rotation":{"angle":-22.5,"axis":"x","origin":[10.375,11,0]},"faces":{"north":{"uv":[5.33333,7.66667,12,13.66667],"texture":"#0"},"east":{"uv":[5.33333,7.66667,12,13.66667],"texture":"#0"},"south":{"uv":[5.33333,7.66667,12,13.66667],"texture":"#0"},"west":{"uv":[5.33333,7.66667,12,13.66667],"texture":"#0"},"up":{"uv":[5.33333,7.66667,12,13.66667],"texture":"#0"},"down":{"uv":[5.33333,7.66667,12,13.66667],"texture":"#0"}}},{"name":"string","from":[6.95,9.675,1.275],"to":[7.05,11.85,1.45],"rotation":{"angle":-22.5,"axis":"x","origin":[10.375,11,0]},"faces":{"north":{"uv":[0,0,0.05,1.0875],"texture":"#3"},"east":{"uv":[0,0,0.0875,1.0875],"texture":"#3"},"south":{"uv":[0,0,0.05,1.0875],"texture":"#3"},"west":{"uv":[0,0,0.0875,1.0875],"texture":"#3"},"up":{"uv":[0,0,0.05,0.0875],"texture":"#3"},"down":{"uv":[0,0,0.05,0.0875],"texture":"#3"}}},{"from":[7.025,11,-8.05],"to":[7.075,11.25,5.25],"rotation":{"angle":0,"axis":"y","origin":[10.375,0,0]},"faces":{"north":{"uv":[0,0,0.025,0.125],"texture":"#0"},"east":{"uv":[0,0,5.5,0.125],"texture":"#0"},"south":{"uv":[0,0,0.025,0.125],"texture":"#0"},"west":{"uv":[0,0,5.5,0.125],"texture":"#0"},"up":{"uv":[0,0,1.025,11.83333],"texture":"#0"},"down":{"uv":[0,0,0.025,5.5],"texture":"#0"}}},{"from":[6.45,11.425,0.75],"to":[6.625,11.775,1.75],"rotation":{"angle":-22.5,"axis":"x","origin":[9.925,11,0]},"faces":{"north":{"uv":[5.33333,7.66667,12,13.66667],"texture":"#0"},"east":{"uv":[5.33333,7.66667,12,13.66667],"texture":"#0"},"south":{"uv":[5.33333,7.66667,12,13.66667],"texture":"#0"},"west":{"uv":[5.33333,7.66667,12,13.66667],"texture":"#0"},"up":{"uv":[5.33333,7.66667,12,13.66667],"texture":"#0"},"down":{"uv":[5.33333,7.66667,12,13.66667],"texture":"#0"}}},{"name":"string","from":[6.5,9.675,1.275],"to":[6.6,11.85,1.45],"rotation":{"angle":-22.5,"axis":"x","origin":[9.925,11,0]},"faces":{"north":{"uv":[0,0,0.05,1.0875],"texture":"#3"},"east":{"uv":[0,0,0.0875,1.0875],"texture":"#3"},"south":{"uv":[0,0,0.05,1.0875],"texture":"#3"},"west":{"uv":[0,0,0.0875,1.0875],"texture":"#3"},"up":{"uv":[0,0,0.05,0.0875],"texture":"#3"},"down":{"uv":[0,0,0.05,0.0875],"texture":"#3"}}},{"from":[6.575,11,-8.2],"to":[6.625,11.25,5.25],"rotation":{"angle":0,"axis":"y","origin":[9.925,0,0]},"faces":{"north":{"uv":[0,0,0.025,0.125],"texture":"#0"},"east":{"uv":[0,0,5.5,0.125],"texture":"#0"},"south":{"uv":[0,0,0.025,0.125],"texture":"#0"},"west":{"uv":[0,0,5.5,0.125],"texture":"#0"},"up":{"uv":[0,0,1.025,11.83333],"texture":"#0"},"down":{"uv":[0,0,0.025,5.5],"texture":"#0"}}},{"from":[7.325,11.425,0.75],"to":[7.5,11.775,1.75],"rotation":{"angle":-22.5,"axis":"x","origin":[10.8,11,0]},"faces":{"north":{"uv":[5.33333,7.66667,12,13.66667],"texture":"#0"},"east":{"uv":[5.33333,7.66667,12,13.66667],"texture":"#0"},"south":{"uv":[5.33333,7.66667,12,13.66667],"texture":"#0"},"west":{"uv":[5.33333,7.66667,12,13.66667],"texture":"#0"},"up":{"uv":[5.33333,7.66667,12,13.66667],"texture":"#0"},"down":{"uv":[5.33333,7.66667,12,13.66667],"texture":"#0"}}},{"name":"string","from":[7.375,9.675,1.275],"to":[7.475,11.85,1.45],"rotation":{"angle":-22.5,"axis":"x","origin":[10.8,11,0]},"faces":{"north":{"uv":[0,0,0.05,1.0875],"texture":"#3"},"east":{"uv":[0,0,0.0875,1.0875],"texture":"#3"},"south":{"uv":[0,0,0.05,1.0875],"texture":"#3"},"west":{"uv":[0,0,0.0875,1.0875],"texture":"#3"},"up":{"uv":[0,0,0.05,0.0875],"texture":"#3"},"down":{"uv":[0,0,0.05,0.0875],"texture":"#3"}}},{"from":[7.45,11,-7.775],"to":[7.5,11.25,5.25],"rotation":{"angle":0,"axis":"y","origin":[10.8,0,0]},"faces":{"north":{"uv":[0,0,0.025,0.125],"texture":"#0"},"east":{"uv":[0,0,5.5,0.125],"texture":"#0"},"south":{"uv":[0,0,0.025,0.125],"texture":"#0"},"west":{"uv":[0,0,5.5,0.125],"texture":"#0"},"up":{"uv":[0,0,1.025,11.83333],"texture":"#0"},"down":{"uv":[0,0,0.025,5.5],"texture":"#0"}}},{"from":[7.7,11.425,0.75],"to":[7.875,11.775,1.75],"rotation":{"angle":-22.5,"axis":"x","origin":[11.175,11,0]},"faces":{"north":{"uv":[5.33333,7.66667,12,13.66667],"texture":"#0"},"east":{"uv":[5.33333,7.66667,12,13.66667],"texture":"#0"},"south":{"uv":[5.33333,7.66667,12,13.66667],"texture":"#0"},"west":{"uv":[5.33333,7.66667,12,13.66667],"texture":"#0"},"up":{"uv":[5.33333,7.66667,12,13.66667],"texture":"#0"},"down":{"uv":[5.33333,7.66667,12,13.66667],"texture":"#0"}}},{"name":"string","from":[7.75,9.675,1.275],"to":[7.85,11.85,1.45],"rotation":{"angle":-22.5,"axis":"x","origin":[11.175,11,0]},"faces":{"north":{"uv":[0,0,0.05,1.0875],"texture":"#3"},"east":{"uv":[0,0,0.0875,1.0875],"texture":"#3"},"south":{"uv":[0,0,0.05,1.0875],"texture":"#3"},"west":{"uv":[0,0,0.0875,1.0875],"texture":"#3"},"up":{"uv":[0,0,0.05,0.0875],"texture":"#3"},"down":{"uv":[0,0,0.05,0.0875],"texture":"#3"}}},{"from":[7.825,11,-7.75],"to":[7.875,11.25,5.25],"rotation":{"angle":0,"axis":"y","origin":[11.175,0,0]},"faces":{"north":{"uv":[0,0,0.025,0.125],"texture":"#0"},"east":{"uv":[0,0,5.5,0.125],"texture":"#0"},"south":{"uv":[0,0,0.025,0.125],"texture":"#0"},"west":{"uv":[0,0,5.5,0.125],"texture":"#0"},"up":{"uv":[0,0,1.025,11.83333],"texture":"#0"},"down":{"uv":[0,0,0.025,5.5],"texture":"#0"}}},{"from":[8.675,11.425,0.75],"to":[8.85,11.775,1.75],"rotation":{"angle":-22.5,"axis":"x","origin":[12.15,11,0]},"faces":{"north":{"uv":[5.33333,7.66667,12,13.66667],"texture":"#0"},"east":{"uv":[5.33333,7.66667,12,13.66667],"texture":"#0"},"south":{"uv":[5.33333,7.66667,12,13.66667],"texture":"#0"},"west":{"uv":[5.33333,7.66667,12,13.66667],"texture":"#0"},"up":{"uv":[5.33333,7.66667,12,13.66667],"texture":"#0"},"down":{"uv":[5.33333,7.66667,12,13.66667],"texture":"#0"}}},{"name":"string","from":[8.725,9.675,1.275],"to":[8.825,11.85,1.45],"rotation":{"angle":-22.5,"axis":"x","origin":[12.15,11,0]},"faces":{"north":{"uv":[0,0,0.05,1.0875],"texture":"#3"},"east":{"uv":[0,0,0.0875,1.0875],"texture":"#3"},"south":{"uv":[0,0,0.05,1.0875],"texture":"#3"},"west":{"uv":[0,0,0.0875,1.0875],"texture":"#3"},"up":{"uv":[0,0,0.05,0.0875],"texture":"#3"},"down":{"uv":[0,0,0.05,0.0875],"texture":"#3"}}},{"from":[8.8,11,-7.05],"to":[8.85,11.25,5.25],"rotation":{"angle":0,"axis":"y","origin":[12.15,0,0]},"faces":{"north":{"uv":[0,0,0.025,0.125],"texture":"#0"},"east":{"uv":[0,0,5.5,0.125],"texture":"#0"},"south":{"uv":[0,0,0.025,0.125],"texture":"#0"},"west":{"uv":[0,0,5.5,0.125],"texture":"#0"},"up":{"uv":[0,0,1.025,11.83333],"texture":"#0"},"down":{"uv":[0,0,0.025,5.5],"texture":"#0"}}},{"from":[8.225,11.425,0.75],"to":[8.4,11.775,1.75],"rotation":{"angle":-22.5,"axis":"x","origin":[11.7,11,0]},"faces":{"north":{"uv":[5.33333,7.66667,12,13.66667],"texture":"#0"},"east":{"uv":[5.33333,7.66667,12,13.66667],"texture":"#0"},"south":{"uv":[5.33333,7.66667,12,13.66667],"texture":"#0"},"west":{"uv":[5.33333,7.66667,12,13.66667],"texture":"#0"},"up":{"uv":[5.33333,7.66667,12,13.66667],"texture":"#0"},"down":{"uv":[5.33333,7.66667,12,13.66667],"texture":"#0"}}},{"name":"string","from":[8.275,9.675,1.275],"to":[8.375,11.85,1.45],"rotation":{"angle":-22.5,"axis":"x","origin":[11.7,11,0]},"faces":{"north":{"uv":[0,0,0.05,1.0875],"texture":"#3"},"east":{"uv":[0,0,0.0875,1.0875],"texture":"#3"},"south":{"uv":[0,0,0.05,1.0875],"texture":"#3"},"west":{"uv":[0,0,0.0875,1.0875],"texture":"#3"},"up":{"uv":[0,0,0.05,0.0875],"texture":"#3"},"down":{"uv":[0,0,0.05,0.0875],"texture":"#3"}}},{"from":[8.35,11,-7.275],"to":[8.4,11.25,5.25],"rotation":{"angle":0,"axis":"y","origin":[11.7,0,0]},"faces":{"north":{"uv":[0,0,0.025,0.125],"texture":"#0"},"east":{"uv":[0,0,5.5,0.125],"texture":"#0"},"south":{"uv":[0,0,0.025,0.125],"texture":"#0"},"west":{"uv":[0,0,5.5,0.125],"texture":"#0"},"up":{"uv":[0,0,1.025,11.83333],"texture":"#0"},"down":{"uv":[0,0,0.025,5.5],"texture":"#0"}}},{"from":[9.15,11.425,0.75],"to":[9.325,11.775,1.75],"rotation":{"angle":-22.5,"axis":"x","origin":[12.625,11,0]},"faces":{"north":{"uv":[5.33333,7.66667,12,13.66667],"texture":"#0"},"east":{"uv":[5.33333,7.66667,12,13.66667],"texture":"#0"},"south":{"uv":[5.33333,7.66667,12,13.66667],"texture":"#0"},"west":{"uv":[5.33333,7.66667,12,13.66667],"texture":"#0"},"up":{"uv":[5.33333,7.66667,12,13.66667],"texture":"#0"},"down":{"uv":[5.33333,7.66667,12,13.66667],"texture":"#0"}}},{"name":"string","from":[9.2,9.675,1.275],"to":[9.3,11.85,1.45],"rotation":{"angle":-22.5,"axis":"x","origin":[12.625,11,0]},"faces":{"north":{"uv":[0,0,0.05,1.0875],"texture":"#3"},"east":{"uv":[0,0,0.0875,1.0875],"texture":"#3"},"south":{"uv":[0,0,0.05,1.0875],"texture":"#3"},"west":{"uv":[0,0,0.0875,1.0875],"texture":"#3"},"up":{"uv":[0,0,0.05,0.0875],"texture":"#3"},"down":{"uv":[0,0,0.05,0.0875],"texture":"#3"}}},{"from":[9.275,11,-6.725],"to":[9.325,11.25,5.25],"rotation":{"angle":0,"axis":"y","origin":[12.625,0,0]},"faces":{"north":{"uv":[0,0,0.025,0.125],"texture":"#0"},"east":{"uv":[0,0,5.5,0.125],"texture":"#0"},"south":{"uv":[0,0,0.025,0.125],"texture":"#0"},"west":{"uv":[0,0,5.5,0.125],"texture":"#0"},"up":{"uv":[0,0,1.025,11.83333],"texture":"#0"},"down":{"uv":[0,0,0.025,5.5],"texture":"#0"}}},{"from":[9.525,11.425,0.75],"to":[9.7,11.775,1.75],"rotation":{"angle":-22.5,"axis":"x","origin":[13,11,0]},"faces":{"north":{"uv":[5.33333,7.66667,12,13.66667],"texture":"#0"},"east":{"uv":[5.33333,7.66667,12,13.66667],"texture":"#0"},"south":{"uv":[5.33333,7.66667,12,13.66667],"texture":"#0"},"west":{"uv":[5.33333,7.66667,12,13.66667],"texture":"#0"},"up":{"uv":[5.33333,7.66667,12,13.66667],"texture":"#0"},"down":{"uv":[5.33333,7.66667,12,13.66667],"texture":"#0"}}},{"name":"string","from":[9.575,9.675,1.275],"to":[9.675,11.85,1.45],"rotation":{"angle":-22.5,"axis":"x","origin":[13,11,0]},"faces":{"north":{"uv":[0,0,0.05,1.0875],"texture":"#3"},"east":{"uv":[0,0,0.0875,1.0875],"texture":"#3"},"south":{"uv":[0,0,0.05,1.0875],"texture":"#3"},"west":{"uv":[0,0,0.0875,1.0875],"texture":"#3"},"up":{"uv":[0,0,0.05,0.0875],"texture":"#3"},"down":{"uv":[0,0,0.05,0.0875],"texture":"#3"}}},{"from":[9.65,11,-6.75],"to":[9.7,11.25,5.25],"rotation":{"angle":0,"axis":"y","origin":[13,0,0]},"faces":{"north":{"uv":[0,0,0.025,0.125],"texture":"#0"},"east":{"uv":[0,0,5.5,0.125],"texture":"#0"},"south":{"uv":[0,0,0.025,0.125],"texture":"#0"},"west":{"uv":[0,0,5.5,0.125],"texture":"#0"},"up":{"uv":[0,0,1.025,11.83333],"texture":"#0"},"down":{"uv":[0,0,0.025,5.5],"texture":"#0"}}},{"from":[10.5,11.425,0.75],"to":[10.675,11.775,1.75],"rotation":{"angle":-22.5,"axis":"x","origin":[13.975,11,0]},"faces":{"north":{"uv":[5.33333,7.66667,12,13.66667],"texture":"#0"},"east":{"uv":[5.33333,7.66667,12,13.66667],"texture":"#0"},"south":{"uv":[5.33333,7.66667,12,13.66667],"texture":"#0"},"west":{"uv":[5.33333,7.66667,12,13.66667],"texture":"#0"},"up":{"uv":[5.33333,7.66667,12,13.66667],"texture":"#0"},"down":{"uv":[5.33333,7.66667,12,13.66667],"texture":"#0"}}},{"name":"string","from":[10.55,9.675,1.275],"to":[10.65,11.85,1.45],"rotation":{"angle":-22.5,"axis":"x","origin":[13.975,11,0]},"faces":{"north":{"uv":[0,0,0.05,1.0875],"texture":"#3"},"east":{"uv":[0,0,0.0875,1.0875],"texture":"#3"},"south":{"uv":[0,0,0.05,1.0875],"texture":"#3"},"west":{"uv":[0,0,0.0875,1.0875],"texture":"#3"},"up":{"uv":[0,0,0.05,0.0875],"texture":"#3"},"down":{"uv":[0,0,0.05,0.0875],"texture":"#3"}}},{"from":[10.625,11,-6.375],"to":[10.675,11.25,5.25],"rotation":{"angle":0,"axis":"y","origin":[13.975,0,0]},"faces":{"north":{"uv":[0,0,0.025,0.125],"texture":"#0"},"east":{"uv":[0,0,5.5,0.125],"texture":"#0"},"south":{"uv":[0,0,0.025,0.125],"texture":"#0"},"west":{"uv":[0,0,5.5,0.125],"texture":"#0"},"up":{"uv":[0,0,1.025,11.83333],"texture":"#0"},"down":{"uv":[0,0,0.025,5.5],"texture":"#0"}}},{"from":[10.05,11.425,0.75],"to":[10.225,11.775,1.75],"rotation":{"angle":-22.5,"axis":"x","origin":[13.525,11,0]},"faces":{"north":{"uv":[5.33333,7.66667,12,13.66667],"texture":"#0"},"east":{"uv":[5.33333,7.66667,12,13.66667],"texture":"#0"},"south":{"uv":[5.33333,7.66667,12,13.66667],"texture":"#0"},"west":{"uv":[5.33333,7.66667,12,13.66667],"texture":"#0"},"up":{"uv":[5.33333,7.66667,12,13.66667],"texture":"#0"},"down":{"uv":[5.33333,7.66667,12,13.66667],"texture":"#0"}}},{"name":"string","from":[10.1,9.675,1.275],"to":[10.2,11.85,1.45],"rotation":{"angle":-22.5,"axis":"x","origin":[13.525,11,0]},"faces":{"north":{"uv":[0,0,0.05,1.0875],"texture":"#3"},"east":{"uv":[0,0,0.0875,1.0875],"texture":"#3"},"south":{"uv":[0,0,0.05,1.0875],"texture":"#3"},"west":{"uv":[0,0,0.0875,1.0875],"texture":"#3"},"up":{"uv":[0,0,0.05,0.0875],"texture":"#3"},"down":{"uv":[0,0,0.05,0.0875],"texture":"#3"}}},{"from":[10.175,11,-6.6],"to":[10.225,11.25,5.25],"rotation":{"angle":0,"axis":"y","origin":[13.525,0,0]},"faces":{"north":{"uv":[0,0,0.025,0.125],"texture":"#0"},"east":{"uv":[0,0,5.5,0.125],"texture":"#0"},"south":{"uv":[0,0,0.025,0.125],"texture":"#0"},"west":{"uv":[0,0,5.5,0.125],"texture":"#0"},"up":{"uv":[0,0,1.025,11.83333],"texture":"#0"},"down":{"uv":[0,0,0.025,5.5],"texture":"#0"}}},{"from":[10.925,11.425,0.725],"to":[11.1,11.775,1.75],"rotation":{"angle":-22.5,"axis":"x","origin":[14.4,11,0]},"faces":{"north":{"uv":[5.33333,7.66667,12,13.66667],"texture":"#0"},"east":{"uv":[5.33333,7.66667,12,13.66667],"texture":"#0"},"south":{"uv":[5.33333,7.66667,12,13.66667],"texture":"#0"},"west":{"uv":[5.33333,7.66667,12,13.66667],"texture":"#0"},"up":{"uv":[5.33333,7.66667,12,13.66667],"texture":"#0"},"down":{"uv":[5.33333,7.66667,12,13.66667],"texture":"#0"}}},{"name":"string","from":[10.975,9.675,1.25],"to":[11.075,11.85,1.45],"rotation":{"angle":-22.5,"axis":"x","origin":[14.4,11,0]},"faces":{"north":{"uv":[0,0,0.05,1.0875],"texture":"#3"},"east":{"uv":[0,0,0.1,1.0875],"texture":"#3"},"south":{"uv":[0,0,0.05,1.0875],"texture":"#3"},"west":{"uv":[0,0,0.1,1.0875],"texture":"#3"},"up":{"uv":[0,0,0.05,0.1],"texture":"#3"},"down":{"uv":[0,0,0.05,0.1],"texture":"#3"}}},{"from":[11.05,11,-6.15],"to":[11.1,11.25,5.25],"rotation":{"angle":0,"axis":"y","origin":[14.4,0,0]},"faces":{"north":{"uv":[0,0,0.025,0.125],"texture":"#0"},"east":{"uv":[0,0,5.5,0.125],"texture":"#0"},"south":{"uv":[0,0,0.025,0.125],"texture":"#0"},"west":{"uv":[0,0,5.5,0.125],"texture":"#0"},"up":{"uv":[0,0,1.025,11.83333],"texture":"#0"},"down":{"uv":[0,0,0.025,5.5],"texture":"#0"}}},{"from":[11.3,11.425,0.75],"to":[11.475,11.775,1.75],"rotation":{"angle":-22.5,"axis":"x","origin":[14.775,11,0]},"faces":{"north":{"uv":[5.33333,7.66667,12,13.66667],"texture":"#0"},"east":{"uv":[5.33333,7.66667,12,13.66667],"texture":"#0"},"south":{"uv":[5.33333,7.66667,12,13.66667],"texture":"#0"},"west":{"uv":[5.33333,7.66667,12,13.66667],"texture":"#0"},"up":{"uv":[5.33333,7.66667,12,13.66667],"texture":"#0"},"down":{"uv":[5.33333,7.66667,12,13.66667],"texture":"#0"}}},{"name":"string","from":[11.35,9.675,1.275],"to":[11.45,11.85,1.45],"rotation":{"angle":-22.5,"axis":"x","origin":[14.775,11,0]},"faces":{"north":{"uv":[0,0,0.05,1.0875],"texture":"#3"},"east":{"uv":[0,0,0.0875,1.0875],"texture":"#3"},"south":{"uv":[0,0,0.05,1.0875],"texture":"#3"},"west":{"uv":[0,0,0.0875,1.0875],"texture":"#3"},"up":{"uv":[0,0,0.05,0.0875],"texture":"#3"},"down":{"uv":[0,0,0.05,0.0875],"texture":"#3"}}},{"from":[11.425,11,-6.15],"to":[11.475,11.25,5.25],"rotation":{"angle":0,"axis":"y","origin":[14.775,0,0]},"faces":{"north":{"uv":[0,0,0.025,0.125],"texture":"#0"},"east":{"uv":[0,0,5.5,0.125],"texture":"#0"},"south":{"uv":[0,0,0.025,0.125],"texture":"#0"},"west":{"uv":[0,0,5.5,0.125],"texture":"#0"},"up":{"uv":[0,0,1.025,11.83333],"texture":"#0"},"down":{"uv":[0,0,0.025,5.5],"texture":"#0"}}},{"from":[12.275,11.425,0.75],"to":[12.45,11.775,1.75],"rotation":{"angle":-22.5,"axis":"x","origin":[15.75,11,0]},"faces":{"north":{"uv":[5.33333,7.66667,12,13.66667],"texture":"#0"},"east":{"uv":[5.33333,7.66667,12,13.66667],"texture":"#0"},"south":{"uv":[5.33333,7.66667,12,13.66667],"texture":"#0"},"west":{"uv":[5.33333,7.66667,12,13.66667],"texture":"#0"},"up":{"uv":[5.33333,7.66667,12,13.66667],"texture":"#0"},"down":{"uv":[5.33333,7.66667,12,13.66667],"texture":"#0"}}},{"name":"string","from":[12.325,9.675,1.275],"to":[12.425,11.85,1.45],"rotation":{"angle":-22.5,"axis":"x","origin":[15.75,11,0]},"faces":{"north":{"uv":[0,0,0.05,1.0875],"texture":"#3"},"east":{"uv":[0,0,0.0875,1.0875],"texture":"#3"},"south":{"uv":[0,0,0.05,1.0875],"texture":"#3"},"west":{"uv":[0,0,0.0875,1.0875],"texture":"#3"},"up":{"uv":[0,0,0.05,0.0875],"texture":"#3"},"down":{"uv":[0,0,0.05,0.0875],"texture":"#3"}}},{"from":[12.4,11,-5.75],"to":[12.45,11.25,5.25],"rotation":{"angle":0,"axis":"y","origin":[15.75,0,0]},"faces":{"north":{"uv":[0,0,0.025,0.125],"texture":"#0"},"east":{"uv":[0,0,5.5,0.125],"texture":"#0"},"south":{"uv":[0,0,0.025,0.125],"texture":"#0"},"west":{"uv":[0,0,5.5,0.125],"texture":"#0"},"up":{"uv":[0,0,1.025,11.83333],"texture":"#0"},"down":{"uv":[0,0,0.025,5.5],"texture":"#0"}}},{"from":[11.825,11.425,0.775],"to":[12,11.775,1.75],"rotation":{"angle":-22.5,"axis":"x","origin":[15.3,11,0]},"faces":{"north":{"uv":[5.33333,7.66667,12,13.66667],"texture":"#0"},"east":{"uv":[5.33333,7.66667,12,13.66667],"texture":"#0"},"south":{"uv":[5.33333,7.66667,12,13.66667],"texture":"#0"},"west":{"uv":[5.33333,7.66667,12,13.66667],"texture":"#0"},"up":{"uv":[5.33333,7.66667,12,13.66667],"texture":"#0"},"down":{"uv":[5.33333,7.66667,12,13.66667],"texture":"#0"}}},{"name":"string","from":[11.875,9.675,1.225],"to":[11.975,11.85,1.45],"rotation":{"angle":-22.5,"axis":"x","origin":[15.3,11,0]},"faces":{"north":{"uv":[0,0,0.05,1.0875],"texture":"#3"},"east":{"uv":[0,0,0.1125,1.0875],"texture":"#3"},"south":{"uv":[0,0,0.05,1.0875],"texture":"#3"},"west":{"uv":[0,0,0.1125,1.0875],"texture":"#3"},"up":{"uv":[0,0,0.05,0.1125],"texture":"#3"},"down":{"uv":[0,0,0.05,0.1125],"texture":"#3"}}},{"from":[11.95,11,-5.9],"to":[12,11.25,5.25],"rotation":{"angle":0,"axis":"y","origin":[15.3,0,0]},"faces":{"north":{"uv":[0,0,0.025,0.125],"texture":"#0"},"east":{"uv":[0,0,5.5,0.125],"texture":"#0"},"south":{"uv":[0,0,0.025,0.125],"texture":"#0"},"west":{"uv":[0,0,5.5,0.125],"texture":"#0"},"up":{"uv":[0,0,1.025,11.83333],"texture":"#0"},"down":{"uv":[0,0,0.025,5.5],"texture":"#0"}}},{"from":[12.75,11.425,0.75],"to":[12.925,11.775,1.75],"rotation":{"angle":-22.5,"axis":"x","origin":[16.225,11,0]},"faces":{"north":{"uv":[5.33333,7.66667,12,13.66667],"texture":"#0"},"east":{"uv":[5.33333,7.66667,12,13.66667],"texture":"#0"},"south":{"uv":[5.33333,7.66667,12,13.66667],"texture":"#0"},"west":{"uv":[5.33333,7.66667,12,13.66667],"texture":"#0"},"up":{"uv":[5.33333,7.66667,12,13.66667],"texture":"#0"},"down":{"uv":[5.33333,7.66667,12,13.66667],"texture":"#0"}}},{"name":"string","from":[12.8,9.675,1.275],"to":[12.9,11.85,1.45],"rotation":{"angle":-22.5,"axis":"x","origin":[16.225,11,0]},"faces":{"north":{"uv":[0,0,0.05,1.0875],"texture":"#3"},"east":{"uv":[0,0,0.0875,1.0875],"texture":"#3"},"south":{"uv":[0,0,0.05,1.0875],"texture":"#3"},"west":{"uv":[0,0,0.0875,1.0875],"texture":"#3"},"up":{"uv":[0,0,0.05,0.0875],"texture":"#3"},"down":{"uv":[0,0,0.05,0.0875],"texture":"#3"}}},{"from":[12.875,11,-5.75],"to":[12.925,11.25,5.25],"rotation":{"angle":0,"axis":"y","origin":[16.225,0,0]},"faces":{"north":{"uv":[0,0,0.025,0.125],"texture":"#0"},"east":{"uv":[0,0,5.5,0.125],"texture":"#0"},"south":{"uv":[0,0,0.025,0.125],"texture":"#0"},"west":{"uv":[0,0,5.5,0.125],"texture":"#0"},"up":{"uv":[0,0,1.025,11.83333],"texture":"#0"},"down":{"uv":[0,0,0.025,5.5],"texture":"#0"}}},{"from":[13.125,11.425,0.75],"to":[13.3,11.775,1.75],"rotation":{"angle":-22.5,"axis":"x","origin":[16.6,11,0]},"faces":{"north":{"uv":[5.33333,7.66667,12,13.66667],"texture":"#0"},"east":{"uv":[5.33333,7.66667,12,13.66667],"texture":"#0"},"south":{"uv":[5.33333,7.66667,12,13.66667],"texture":"#0"},"west":{"uv":[5.33333,7.66667,12,13.66667],"texture":"#0"},"up":{"uv":[5.33333,7.66667,12,13.66667],"texture":"#0"},"down":{"uv":[5.33333,7.66667,12,13.66667],"texture":"#0"}}},{"name":"string","from":[13.175,9.675,1.275],"to":[13.275,11.85,1.45],"rotation":{"angle":-22.5,"axis":"x","origin":[16.6,11,0]},"faces":{"north":{"uv":[0,0,0.05,1.0875],"texture":"#3"},"east":{"uv":[0,0,0.0875,1.0875],"texture":"#3"},"south":{"uv":[0,0,0.05,1.0875],"texture":"#3"},"west":{"uv":[0,0,0.0875,1.0875],"texture":"#3"},"up":{"uv":[0,0,0.05,0.0875],"texture":"#3"},"down":{"uv":[0,0,0.05,0.0875],"texture":"#3"}}},{"from":[13.25,11,-5.75],"to":[13.3,11.25,5.25],"rotation":{"angle":0,"axis":"y","origin":[16.6,0,0]},"faces":{"north":{"uv":[0,0,0.025,0.125],"texture":"#0"},"east":{"uv":[0,0,5.5,0.125],"texture":"#0"},"south":{"uv":[0,0,0.025,0.125],"texture":"#0"},"west":{"uv":[0,0,5.5,0.125],"texture":"#0"},"up":{"uv":[0,0,1.025,11.83333],"texture":"#0"},"down":{"uv":[0,0,0.025,5.5],"texture":"#0"}}},{"from":[14.1,11.425,0.75],"to":[14.275,11.775,1.75],"rotation":{"angle":-22.5,"axis":"x","origin":[17.575,11,0]},"faces":{"north":{"uv":[5.33333,7.66667,12,13.66667],"texture":"#0"},"east":{"uv":[5.33333,7.66667,12,13.66667],"texture":"#0"},"south":{"uv":[5.33333,7.66667,12,13.66667],"texture":"#0"},"west":{"uv":[5.33333,7.66667,12,13.66667],"texture":"#0"},"up":{"uv":[5.33333,7.66667,12,13.66667],"texture":"#0"},"down":{"uv":[5.33333,7.66667,12,13.66667],"texture":"#0"}}},{"name":"string","from":[14.15,9.675,1.275],"to":[14.25,11.85,1.45],"rotation":{"angle":-22.5,"axis":"x","origin":[17.575,11,0]},"faces":{"north":{"uv":[0,0,0.05,1.0875],"texture":"#3"},"east":{"uv":[0,0,0.0875,1.0875],"texture":"#3"},"south":{"uv":[0,0,0.05,1.0875],"texture":"#3"},"west":{"uv":[0,0,0.0875,1.0875],"texture":"#3"},"up":{"uv":[0,0,0.05,0.0875],"texture":"#3"},"down":{"uv":[0,0,0.05,0.0875],"texture":"#3"}}},{"from":[14.225,11,-5.5],"to":[14.275,11.25,5.25],"rotation":{"angle":0,"axis":"y","origin":[17.575,0,0]},"faces":{"north":{"uv":[0,0,0.025,0.125],"texture":"#0"},"east":{"uv":[0,0,5.5,0.125],"texture":"#0"},"south":{"uv":[0,0,0.025,0.125],"texture":"#0"},"west":{"uv":[0,0,5.5,0.125],"texture":"#0"},"up":{"uv":[0,0,1.025,11.83333],"texture":"#0"},"down":{"uv":[0,0,0.025,5.5],"texture":"#0"}}},{"from":[13.65,11.425,0.75],"to":[13.825,11.775,1.75],"rotation":{"angle":-22.5,"axis":"x","origin":[17.125,11,0]},"faces":{"north":{"uv":[5.33333,7.66667,12,13.66667],"texture":"#0"},"east":{"uv":[5.33333,7.66667,12,13.66667],"texture":"#0"},"south":{"uv":[5.33333,7.66667,12,13.66667],"texture":"#0"},"west":{"uv":[5.33333,7.66667,12,13.66667],"texture":"#0"},"up":{"uv":[5.33333,7.66667,12,13.66667],"texture":"#0"},"down":{"uv":[5.33333,7.66667,12,13.66667],"texture":"#0"}}},{"name":"string","from":[13.7,9.675,1.275],"to":[13.8,11.85,1.45],"rotation":{"angle":-22.5,"axis":"x","origin":[17.125,11,0]},"faces":{"north":{"uv":[0,0,0.05,1.0875],"texture":"#3"},"east":{"uv":[0,0,0.0875,1.0875],"texture":"#3"},"south":{"uv":[0,0,0.05,1.0875],"texture":"#3"},"west":{"uv":[0,0,0.0875,1.0875],"texture":"#3"},"up":{"uv":[0,0,0.05,0.0875],"texture":"#3"},"down":{"uv":[0,0,0.05,0.0875],"texture":"#3"}}},{"from":[13.775,11,-5.75],"to":[13.825,11.25,5.25],"rotation":{"angle":0,"axis":"y","origin":[17.125,0,0]},"faces":{"north":{"uv":[0,0,0.025,0.125],"texture":"#0"},"east":{"uv":[0,0,5.5,0.125],"texture":"#0"},"south":{"uv":[0,0,0.025,0.125],"texture":"#0"},"west":{"uv":[0,0,5.5,0.125],"texture":"#0"},"up":{"uv":[0,0,1.025,11.83333],"texture":"#0"},"down":{"uv":[0,0,0.025,5.5],"texture":"#0"}}},{"from":[14.525,11.425,0.75],"to":[14.7,11.775,1.75],"rotation":{"angle":-22.5,"axis":"x","origin":[18,11,0]},"faces":{"north":{"uv":[5.33333,7.66667,12,13.66667],"texture":"#0"},"east":{"uv":[5.33333,7.66667,12,13.66667],"texture":"#0"},"south":{"uv":[5.33333,7.66667,12,13.66667],"texture":"#0"},"west":{"uv":[5.33333,7.66667,12,13.66667],"texture":"#0"},"up":{"uv":[5.33333,7.66667,12,13.66667],"texture":"#0"},"down":{"uv":[5.33333,7.66667,12,13.66667],"texture":"#0"}}},{"name":"string","from":[14.575,9.675,1.275],"to":[14.675,11.85,1.45],"rotation":{"angle":-22.5,"axis":"x","origin":[18,11,0]},"faces":{"north":{"uv":[0,0,0.05,1.0875],"texture":"#3"},"east":{"uv":[0,0,0.0875,1.0875],"texture":"#3"},"south":{"uv":[0,0,0.05,1.0875],"texture":"#3"},"west":{"uv":[0,0,0.0875,1.0875],"texture":"#3"},"up":{"uv":[0,0,0.05,0.0875],"texture":"#3"},"down":{"uv":[0,0,0.05,0.0875],"texture":"#3"}}},{"from":[14.65,11,-5.3],"to":[14.7,11.25,5.25],"rotation":{"angle":0,"axis":"y","origin":[18,0,0]},"faces":{"north":{"uv":[0,0,0.025,0.125],"texture":"#0"},"east":{"uv":[0,0,5.5,0.125],"texture":"#0"},"south":{"uv":[0,0,0.025,0.125],"texture":"#0"},"west":{"uv":[0,0,5.5,0.125],"texture":"#0"},"up":{"uv":[0,0,1.025,11.83333],"texture":"#0"},"down":{"uv":[0,0,0.025,5.5],"texture":"#0"}}},{"from":[14.9,11.425,0.75],"to":[15.075,11.775,1.75],"rotation":{"angle":-22.5,"axis":"x","origin":[18.375,11,0]},"faces":{"north":{"uv":[5.33333,7.66667,12,13.66667],"texture":"#0"},"east":{"uv":[5.33333,7.66667,12,13.66667],"texture":"#0"},"south":{"uv":[5.33333,7.66667,12,13.66667],"texture":"#0"},"west":{"uv":[5.33333,7.66667,12,13.66667],"texture":"#0"},"up":{"uv":[5.33333,7.66667,12,13.66667],"texture":"#0"},"down":{"uv":[5.33333,7.66667,12,13.66667],"texture":"#0"}}},{"name":"string","from":[14.95,9.675,1.275],"to":[15.05,11.85,1.45],"rotation":{"angle":-22.5,"axis":"x","origin":[18.375,11,0]},"faces":{"north":{"uv":[0,0,0.05,1.0875],"texture":"#3"},"east":{"uv":[0,0,0.0875,1.0875],"texture":"#3"},"south":{"uv":[0,0,0.05,1.0875],"texture":"#3"},"west":{"uv":[0,0,0.0875,1.0875],"texture":"#3"},"up":{"uv":[0,0,0.05,0.0875],"texture":"#3"},"down":{"uv":[0,0,0.05,0.0875],"texture":"#3"}}},{"from":[15.025,11,-5],"to":[15.075,11.25,5.25],"rotation":{"angle":0,"axis":"y","origin":[18.375,0,0]},"faces":{"north":{"uv":[0,0,0.025,0.125],"texture":"#0"},"east":{"uv":[0,0,5.5,0.125],"texture":"#0"},"south":{"uv":[0,0,0.025,0.125],"texture":"#0"},"west":{"uv":[0,0,5.5,0.125],"texture":"#0"},"up":{"uv":[0,0,1.025,11.83333],"texture":"#0"},"down":{"uv":[0,0,0.025,5.5],"texture":"#0"}}},{"from":[15.875,11.425,0.75],"to":[16.05,11.775,1.75],"rotation":{"angle":-22.5,"axis":"x","origin":[19.35,11,0]},"faces":{"north":{"uv":[5.33333,7.66667,12,13.66667],"texture":"#0"},"east":{"uv":[5.33333,7.66667,12,13.66667],"texture":"#0"},"south":{"uv":[5.33333,7.66667,12,13.66667],"texture":"#0"},"west":{"uv":[5.33333,7.66667,12,13.66667],"texture":"#0"},"up":{"uv":[5.33333,7.66667,12,13.66667],"texture":"#0"},"down":{"uv":[5.33333,7.66667,12,13.66667],"texture":"#0"}}},{"name":"string","from":[15.925,9.675,1.275],"to":[16.025,11.85,1.45],"rotation":{"angle":-22.5,"axis":"x","origin":[19.35,11,0]},"faces":{"north":{"uv":[0,0,0.05,1.0875],"texture":"#3"},"east":{"uv":[0,0,0.0875,1.0875],"texture":"#3"},"south":{"uv":[0,0,0.05,1.0875],"texture":"#3"},"west":{"uv":[0,0,0.0875,1.0875],"texture":"#3"},"up":{"uv":[0,0,0.05,0.0875],"texture":"#3"},"down":{"uv":[0,0,0.05,0.0875],"texture":"#3"}}},{"from":[16,11,-5.75],"to":[16.05,11.25,5.25],"rotation":{"angle":0,"axis":"y","origin":[19.35,0,0]},"faces":{"north":{"uv":[0,0,0.025,0.125],"texture":"#0"},"east":{"uv":[0,0,5.5,0.125],"texture":"#0"},"south":{"uv":[0,0,0.025,0.125],"texture":"#0"},"west":{"uv":[0,0,5.5,0.125],"texture":"#0"},"up":{"uv":[0,0,1.025,11.83333],"texture":"#0"},"down":{"uv":[0,0,0.025,5.5],"texture":"#0"}}},{"from":[15.425,11.425,0.75],"to":[15.6,11.775,1.75],"rotation":{"angle":-22.5,"axis":"x","origin":[18.9,11,0]},"faces":{"north":{"uv":[5.33333,7.66667,12,13.66667],"texture":"#0"},"east":{"uv":[5.33333,7.66667,12,13.66667],"texture":"#0"},"south":{"uv":[5.33333,7.66667,12,13.66667],"texture":"#0"},"west":{"uv":[5.33333,7.66667,12,13.66667],"texture":"#0"},"up":{"uv":[5.33333,7.66667,12,13.66667],"texture":"#0"},"down":{"uv":[5.33333,7.66667,12,13.66667],"texture":"#0"}}},{"name":"string","from":[15.475,9.675,1.275],"to":[15.575,11.85,1.45],"rotation":{"angle":-22.5,"axis":"x","origin":[18.9,11,0]},"faces":{"north":{"uv":[0,0,0.05,1.0875],"texture":"#3"},"east":{"uv":[0,0,0.0875,1.0875],"texture":"#3"},"south":{"uv":[0,0,0.05,1.0875],"texture":"#3"},"west":{"uv":[0,0,0.0875,1.0875],"texture":"#3"},"up":{"uv":[0,0,0.05,0.0875],"texture":"#3"},"down":{"uv":[0,0,0.05,0.0875],"texture":"#3"}}},{"from":[15.55,11,-4.9],"to":[15.6,11.25,5.25],"rotation":{"angle":0,"axis":"y","origin":[18.9,0,0]},"faces":{"north":{"uv":[0,0,0.025,0.125],"texture":"#0"},"east":{"uv":[0,0,5.5,0.125],"texture":"#0"},"south":{"uv":[0,0,0.025,0.125],"texture":"#0"},"west":{"uv":[0,0,5.5,0.125],"texture":"#0"},"up":{"uv":[0,0,1.025,11.83333],"texture":"#0"},"down":{"uv":[0,0,0.025,5.5],"texture":"#0"}}},{"from":[16.35,11.425,0.75],"to":[16.525,11.775,1.75],"rotation":{"angle":-22.5,"axis":"x","origin":[19.825,11,0]},"faces":{"north":{"uv":[5.33333,7.66667,12,13.66667],"texture":"#0"},"east":{"uv":[5.33333,7.66667,12,13.66667],"texture":"#0"},"south":{"uv":[5.33333,7.66667,12,13.66667],"texture":"#0"},"west":{"uv":[5.33333,7.66667,12,13.66667],"texture":"#0"},"up":{"uv":[5.33333,7.66667,12,13.66667],"texture":"#0"},"down":{"uv":[5.33333,7.66667,12,13.66667],"texture":"#0"}}},{"name":"string","from":[16.4,9.675,1.275],"to":[16.5,11.85,1.45],"rotation":{"angle":-22.5,"axis":"x","origin":[19.825,11,0]},"faces":{"north":{"uv":[0,0,0.05,1.0875],"texture":"#3"},"east":{"uv":[0,0,0.0875,1.0875],"texture":"#3"},"south":{"uv":[0,0,0.05,1.0875],"texture":"#3"},"west":{"uv":[0,0,0.0875,1.0875],"texture":"#3"},"up":{"uv":[0,0,0.05,0.0875],"texture":"#3"},"down":{"uv":[0,0,0.05,0.0875],"texture":"#3"}}},{"from":[16.475,11,-5.75],"to":[16.525,11.25,5.25],"rotation":{"angle":0,"axis":"y","origin":[19.825,0,0]},"faces":{"north":{"uv":[0,0,0.025,0.125],"texture":"#0"},"east":{"uv":[0,0,5.5,0.125],"texture":"#0"},"south":{"uv":[0,0,0.025,0.125],"texture":"#0"},"west":{"uv":[0,0,5.5,0.125],"texture":"#0"},"up":{"uv":[0,0,1.025,11.83333],"texture":"#0"},"down":{"uv":[0,0,0.025,5.5],"texture":"#0"}}},{"from":[16.725,11.425,0.75],"to":[16.9,11.775,1.75],"rotation":{"angle":-22.5,"axis":"x","origin":[20.2,11,0]},"faces":{"north":{"uv":[5.33333,7.66667,12,13.66667],"texture":"#0"},"east":{"uv":[5.33333,7.66667,12,13.66667],"texture":"#0"},"south":{"uv":[5.33333,7.66667,12,13.66667],"texture":"#0"},"west":{"uv":[5.33333,7.66667,12,13.66667],"texture":"#0"},"up":{"uv":[5.33333,7.66667,12,13.66667],"texture":"#0"},"down":{"uv":[5.33333,7.66667,12,13.66667],"texture":"#0"}}},{"name":"string","from":[16.775,9.675,1.275],"to":[16.875,11.85,1.45],"rotation":{"angle":-22.5,"axis":"x","origin":[20.2,11,0]},"faces":{"north":{"uv":[0,0,0.05,1.0875],"texture":"#3"},"east":{"uv":[0,0,0.0875,1.0875],"texture":"#3"},"south":{"uv":[0,0,0.05,1.0875],"texture":"#3"},"west":{"uv":[0,0,0.0875,1.0875],"texture":"#3"},"up":{"uv":[0,0,0.05,0.0875],"texture":"#3"},"down":{"uv":[0,0,0.05,0.0875],"texture":"#3"}}},{"from":[16.85,11,-5.75],"to":[16.9,11.25,5.25],"rotation":{"angle":0,"axis":"y","origin":[20.2,0,0]},"faces":{"north":{"uv":[0,0,0.025,0.125],"texture":"#0"},"east":{"uv":[0,0,5.5,0.125],"texture":"#0"},"south":{"uv":[0,0,0.025,0.125],"texture":"#0"},"west":{"uv":[0,0,5.5,0.125],"texture":"#0"},"up":{"uv":[0,0,1.025,11.83333],"texture":"#0"},"down":{"uv":[0,0,0.025,5.5],"texture":"#0"}}},{"from":[17.825,11,-1.725],"to":[17.875,11.25,5.25],"rotation":{"angle":0,"axis":"y","origin":[21.175,0,0]},"faces":{"north":{"uv":[0,0,0.025,0.125],"texture":"#0"},"east":{"uv":[0,0,5.5,0.125],"texture":"#0"},"south":{"uv":[0,0,0.025,0.125],"texture":"#0"},"west":{"uv":[0,0,5.5,0.125],"texture":"#0"},"up":{"uv":[0,0,1.025,11.83333],"texture":"#0"},"down":{"uv":[0,0,0.025,5.5],"texture":"#0"}}},{"from":[-5,9,-14.75],"to":[17.5,11,5],"faces":{"north":{"uv":[7.40625,6.5625,13.03125,7.0625],"texture":"#4"},"east":{"uv":[7.40625,7.5625,11.40625,8.0625],"texture":"#4"},"south":{"uv":[7.40625,7.0625,13.03125,7.5625],"texture":"#4"},"west":{"uv":[7.40625,8.0625,11.40625,8.5625],"texture":"#4"},"up":{"uv":[5.6875,4.0625,0.0625,0.0625],"texture":"#4"},"down":{"uv":[12.6875,8.9375,7.0625,12.9375],"texture":"#4"}}},{"from":[-5.5,10.75,3],"to":[17.75,11.125,3.5],"faces":{"north":{"uv":[0,0,11.5,0.5],"texture":"#5"},"east":{"uv":[0,2,0.5,2.5],"texture":"#5"},"south":{"uv":[0,0.5,11.5,1],"texture":"#5"},"west":{"uv":[0.5,2,1,2.5],"texture":"#5"},"up":{"uv":[11.5,1.5,0,1],"texture":"#5"},"down":{"uv":[11.5,1.5,0,2],"texture":"#5"}}},{"from":[-5.5,10.7,8],"to":[17.75,10.8,8.1],"faces":{"north":{"uv":[0,0,11.5,0.5],"texture":"#5"},"east":{"uv":[0,2,0.5,2.5],"texture":"#5"},"south":{"uv":[0,0.5,11.5,1],"texture":"#5"},"west":{"uv":[0.5,2,1,2.5],"texture":"#5"},"up":{"uv":[11.5,1.5,0,1],"texture":"#5"},"down":{"uv":[11.5,1.5,0,2],"texture":"#5"}}},{"from":[3.5,0.25,4.5],"to":[9.5,2.25,7],"faces":{"north":{"uv":[6,3.66667,12,5.66667],"texture":"#0","tintindex":0},"east":{"uv":[6.66667,3.33333,9.16667,5.33333],"texture":"#0","tintindex":0},"south":{"uv":[6.33333,3.33333,12.33333,5.33333],"texture":"#0","tintindex":0},"west":{"uv":[8.66667,3.66667,11.16667,5.66667],"texture":"#0","tintindex":0},"up":{"uv":[5.66667,3,11.66667,5.5],"texture":"#0","tintindex":0},"down":{"uv":[6,3.33333,12,5.83333],"texture":"#0","tintindex":0}}},{"from":[17.5,8,-3],"to":[19,13.75,7],"faces":{"north":{"uv":[0,0,1.24167,6],"texture":"#0","tintindex":0},"east":{"uv":[2.33333,8,14.33333,14],"texture":"#0","tintindex":0},"south":{"uv":[1.41667,4.33333,15.66667,11.08333],"texture":"#0","tintindex":0},"west":{"uv":[3,7.66667,15,13.66667],"texture":"#0","tintindex":0},"up":{"uv":[1.33333,8.91667,13.9,12],"texture":"#0","tintindex":0},"down":{"uv":[1.33333,8,11.33333,14],"texture":"#0","tintindex":0}}},{"from":[17.5,11,7],"to":[19,12.55,9],"faces":{"north":{"uv":[0,0,16,6],"texture":"#0","tintindex":0},"east":{"uv":[2.33333,8,14.33333,14],"texture":"#0","tintindex":0},"south":{"uv":[3.41667,8.55,9.1,14.41667],"texture":"#0","tintindex":0},"west":{"uv":[3,7.66667,15,13.66667],"texture":"#0","tintindex":0},"up":{"uv":[3.66667,8.66667,9.33333,12.33333],"texture":"#0","tintindex":0},"down":{"uv":[1.33333,8,11.33333,14],"texture":"#0","tintindex":0}}},{"from":[-6,11,7],"to":[-4.5,12.55,9],"faces":{"north":{"uv":[0,0,16,6],"texture":"#0","tintindex":0},"east":{"uv":[2.33333,8,14.33333,14],"texture":"#0","tintindex":0},"south":{"uv":[5.08333,8.76667,12.43333,13.75],"texture":"#0","tintindex":0},"west":{"uv":[3,7.66667,15,13.66667],"texture":"#0","tintindex":0},"up":{"uv":[5.33333,9,13.33333,12.66667],"texture":"#0","tintindex":0},"down":{"uv":[1.33333,8,11.33333,14],"texture":"#0","tintindex":0}}},{"from":[-5,8,4.5],"to":[17.5,12.5,7],"faces":{"north":{"uv":[0,0,16,6],"texture":"#0","tintindex":0},"east":{"uv":[2.33333,8,14.33333,14],"texture":"#0","tintindex":0},"south":{"uv":[1.08333,0,15.33333,6.75],"texture":"#0","tintindex":0},"west":{"uv":[3,7.66667,15,13.66667],"texture":"#0","tintindex":0},"up":{"uv":[1.66667,8.18333,14.375,13.66667],"texture":"#0","tintindex":0},"down":{"uv":[1.33333,8,11.33333,14],"texture":"#0","tintindex":0}}},{"from":[-6,8,-11.5],"to":[-5,13.75,7],"faces":{"north":{"uv":[0,0,16,6],"texture":"#0","tintindex":0},"east":{"uv":[2.33333,8,14.33333,14],"texture":"#0","tintindex":0},"south":{"uv":[1.08333,0,15.33333,6.75],"texture":"#0","tintindex":0},"west":{"uv":[3,7.66667,15,13.66667],"texture":"#0","tintindex":0},"up":{"uv":[0.66667,2,16,12],"texture":"#0","tintindex":0},"down":{"uv":[1.33333,8,11.33333,14],"texture":"#0","tintindex":0}}},{"from":[-4.425,8,-12.75],"to":[15.5,10.75,4.5],"faces":{"north":{"uv":[0,0,16,6],"texture":"#0","tintindex":0},"east":{"uv":[2.33333,8,14.33333,14],"texture":"#0","tintindex":0},"south":{"uv":[1.08333,0,15.33333,6.75],"texture":"#0","tintindex":0},"west":{"uv":[3,7.66667,15,13.66667],"texture":"#0","tintindex":0},"up":{"uv":[2.24167,8.275,13.76667,15.3],"texture":"#0","tintindex":0},"down":{"uv":[1.33333,8,11.33333,14],"texture":"#0","tintindex":0}}},{"from":[-2.75,8,-14.75],"to":[14.25,10.75,-12.75],"faces":{"north":{"uv":[0,0,16,6],"texture":"#0","tintindex":0},"east":{"uv":[2.33333,8,14.33333,14],"texture":"#0","tintindex":0},"south":{"uv":[1.08333,0,15.33333,6.75],"texture":"#0","tintindex":0},"west":{"uv":[3,7.66667,15,13.66667],"texture":"#0","tintindex":0},"up":{"uv":[0,2.66667,1,12],"texture":"#0","tintindex":0},"down":{"uv":[1.33333,8,11.33333,14],"texture":"#0","tintindex":0}}},{"from":[16.5,8,-6],"to":[17.5,10.75,5.5],"faces":{"north":{"uv":[0,0,16,6],"texture":"#0","tintindex":0},"east":{"uv":[2.33333,8,14.33333,14],"texture":"#0","tintindex":0},"south":{"uv":[1.08333,0,15.33333,6.75],"texture":"#0","tintindex":0},"west":{"uv":[3,7.66667,15,13.66667],"texture":"#0","tintindex":0},"up":{"uv":[0,0,16,12],"texture":"#0","tintindex":0},"down":{"uv":[1.33333,8,11.33333,14],"texture":"#0","tintindex":0}}},{"from":[15.5,8,-11.5],"to":[16.5,10.75,5.5],"faces":{"north":{"uv":[0,0,16,6],"texture":"#0","tintindex":0},"east":{"uv":[2.33333,8,14.33333,14],"texture":"#0","tintindex":0},"south":{"uv":[1.08333,0,15.33333,6.75],"texture":"#0","tintindex":0},"west":{"uv":[3,7.66667,15,13.66667],"texture":"#0","tintindex":0},"up":{"uv":[0,0,16,12],"texture":"#0","tintindex":0},"down":{"uv":[1.33333,8,11.33333,14],"texture":"#0","tintindex":0}}},{"from":[4,13.5,-9.25],"to":[29,14.5,6.75],"rotation":{"angle":45,"axis":"z","origin":[0,2,0]},"faces":{"north":{"uv":[0,0,16,1],"texture":"#0","tintindex":0},"east":{"uv":[0,0,14.75,1],"texture":"#0","tintindex":0},"south":{"uv":[0,0,15.16667,1],"texture":"#0","tintindex":0},"west":{"uv":[0,0,16,1],"texture":"#0","tintindex":0},"up":{"uv":[1.33333,11.16667,15.08333,16],"texture":"#0","tintindex":0},"down":{"uv":[2.33333,8.25,14,14.75],"texture":"#0","tintindex":0}}},{"from":[5.75,13.5,-12.25],"to":[27,14.5,-9.25],"rotation":{"angle":45,"axis":"z","origin":[0,2,0]},"faces":{"north":{"uv":[0,0,16,1],"texture":"#0","tintindex":0},"east":{"uv":[0,0,3,1],"texture":"#0","tintindex":0},"south":{"uv":[0,0,16,1],"texture":"#0","tintindex":0},"west":{"uv":[0,0,3,1],"texture":"#0","tintindex":0},"up":{"uv":[1.66667,8.5,14.58333,10.75],"texture":"#0","tintindex":0},"down":{"uv":[1.66667,8.5,14.5,11],"texture":"#0","tintindex":0}}},{"from":[8.75,13.5,-14],"to":[25,14.5,-12.25],"rotation":{"angle":45,"axis":"z","origin":[0,2,0]},"faces":{"north":{"uv":[0.91667,0.08333,15.33333,0.66667],"texture":"#0","tintindex":0},"east":{"uv":[0,0,2,1],"texture":"#0","tintindex":0},"south":{"uv":[0,0,16,1],"texture":"#0","tintindex":0},"west":{"uv":[0,0,2,1],"texture":"#0","tintindex":0},"up":{"uv":[1.83333,8.58333,12.91667,10.66667],"texture":"#0","tintindex":0},"down":{"uv":[2.08333,8.58333,14,10.66667],"texture":"#0","tintindex":0}}},{"from":[16.5,8,-10.5],"to":[17.75,13.75,-3],"faces":{"north":{"uv":[0,0.63333,0.88333,6],"texture":"#0","tintindex":0},"east":{"uv":[3.33333,9,9.33333,15],"texture":"#0","tintindex":0},"south":{"uv":[4,8.16667,9.13333,13],"texture":"#0","tintindex":0},"west":{"uv":[4.66667,9.33333,10.66667,15.33333],"texture":"#0","tintindex":0},"up":{"uv":[2.66667,9,14.33333,13],"texture":"#0","tintindex":0},"down":{"uv":[3,9,13,14.33333],"texture":"#0","tintindex":0}}},{"from":[19,8,-2],"to":[20.5,13.75,4.5],"rotation":{"angle":45,"axis":"y","origin":[0,0,0]},"faces":{"north":{"uv":[2.66667,1.66667,13,5.66667],"texture":"#0","tintindex":0},"east":{"uv":[5.33333,9.33333,8.33333,15.33333],"texture":"#0","tintindex":0},"south":{"uv":[0,0,1.1,6],"texture":"#0","tintindex":0},"west":{"uv":[3,7.33333,6,13.33333],"texture":"#0","tintindex":0},"up":{"uv":[2,8.73333,14.03333,11.73333],"texture":"#0","tintindex":0},"down":{"uv":[2.33333,11.66667,14,14.33333],"texture":"#0","tintindex":0}}},{"from":[4,8,-12.5],"to":[10.25,13.75,-11],"rotation":{"angle":45,"axis":"y","origin":[0,0,0]},"faces":{"north":{"uv":[5.33333,9.33333,8.33333,15.33333],"texture":"#0","tintindex":0},"east":{"uv":[0,0.14167,1.275,6],"texture":"#0","tintindex":0},"south":{"uv":[3,7.33333,6,13.33333],"texture":"#0","tintindex":0},"west":{"uv":[2.66667,1.66667,13,5.66667],"texture":"#0","tintindex":0},"up":{"uv":[2.66667,8.31667,14.63333,11.66667],"texture":"#0","tintindex":0},"down":{"uv":[2.33333,11.66667,14,14.33333],"texture":"#0","tintindex":0}}},{"from":[-0.75,8,-16],"to":[12.25,13.75,-14.75],"faces":{"north":{"uv":[1.33333,0.66667,14.41667,5.75],"texture":"#0","tintindex":0},"east":{"uv":[6.33333,8.33333,8.33333,14.33333],"texture":"#0","tintindex":0},"south":{"uv":[3.33333,8.275,9.66667,13],"texture":"#0","tintindex":0},"west":{"uv":[3.33333,7,5.33333,13],"texture":"#0","tintindex":0},"up":{"uv":[1.66667,8.825,13.63333,11],"texture":"#0","tintindex":0},"down":{"uv":[3.33333,11.66667,11.66667,13.66667],"texture":"#0","tintindex":0}}},{"from":[1,12,4.5],"to":[12,15.5,4.75],"rotation":{"angle":-22.5,"axis":"x","origin":[0,13.75,4]},"faces":{"north":{"uv":[0,0.33333,11,3.83333],"texture":"#0","tintindex":0},"east":{"uv":[0,0,0.25,3.5],"texture":"#0","tintindex":0},"south":{"uv":[2.66667,11,13.66667,14.5],"texture":"#0","tintindex":0},"west":{"uv":[0,0,0.25,3.5],"texture":"#0","tintindex":0},"up":{"uv":[0,0,11,0.25],"texture":"#0","tintindex":0},"down":{"uv":[0,0,11,0.25],"texture":"#0","tintindex":0}}},{"from":[1,12.5,5],"to":[12,12.75,6.25],"rotation":{"angle":0,"axis":"y","origin":[0,-1.25,0]},"faces":{"north":{"uv":[0,0,11,0.25],"texture":"#0","tintindex":0},"east":{"uv":[0,0,1.25,0.25],"texture":"#0","tintindex":0},"south":{"uv":[0,0,11,0.25],"texture":"#0","tintindex":0},"west":{"uv":[0,0,1.25,0.25],"texture":"#0","tintindex":0},"up":{"uv":[2.33333,4,13.33333,5.25],"texture":"#0","tintindex":0},"down":{"uv":[0,0,11,1.25],"texture":"#0","tintindex":0}}},{"from":[-4.5,12,7],"to":[17.5,12.5,7.5],"faces":{"north":{"uv":[0,0,16,0.5],"texture":"#0","tintindex":0},"east":{"uv":[0,0,0.5,0.5],"texture":"#0","tintindex":0},"south":{"uv":[1.33333,0,14.58333,0.5],"texture":"#0","tintindex":0},"west":{"uv":[0,0,0.5,0.5],"texture":"#0","tintindex":0},"up":{"uv":[0,0,14.61667,0.5],"texture":"#0","tintindex":0},"down":{"uv":[0,0,16,0.5],"texture":"#0","tintindex":0}}},{"from":[-6,8,7],"to":[19,10,10],"faces":{"north":{"uv":[0,0,16,1.75],"texture":"#0","tintindex":0},"east":{"uv":[3,3.66667,6,5.41667],"texture":"#0","tintindex":0},"south":{"uv":[1.08333,0.5,15,1.91667],"texture":"#0","tintindex":0},"west":{"uv":[3,3.66667,6,5.41667],"texture":"#0","tintindex":0},"up":{"uv":[0,0,16,3],"texture":"#0","tintindex":0},"down":{"uv":[2.66667,7.66667,15.33333,10.66667],"texture":"#0","tintindex":0}}},{"from":[-4.75,10,9.25],"to":[18,10.25,9.75],"faces":{"north":{"uv":[0,0,16,0.25],"texture":"#0","tintindex":0},"east":{"uv":[0,0,0.5,0.25],"texture":"#0","tintindex":0},"south":{"uv":[0,0,16,0.25],"texture":"#0","tintindex":0},"west":{"uv":[0,0,0.5,0.25],"texture":"#0","tintindex":0},"up":{"uv":[0,0,16,0.5],"texture":"#0","tintindex":0},"down":{"uv":[0,0,16,0.5],"texture":"#0","tintindex":0}}},{"from":[-6,10,7],"to":[19,11.15,8],"faces":{"north":{"uv":[0,0,16,0.9],"texture":"#0","tintindex":0},"east":{"uv":[3.66667,8,6.75,10.23333],"texture":"#0","tintindex":0},"south":{"uv":[0,0,16,0.9],"texture":"#0","tintindex":0},"west":{"uv":[0,0,0.75,0.9],"texture":"#0","tintindex":0},"up":{"uv":[0,0,16,0.75],"texture":"#0","tintindex":0},"down":{"uv":[0,0,16,0.75],"texture":"#0","tintindex":0}}},{"from":[-6,10,8],"to":[-4.5,11,10],"faces":{"north":{"uv":[0,0,1,1],"texture":"#0","tintindex":0},"east":{"uv":[0,0,3,1],"texture":"#0","tintindex":0},"south":{"uv":[0,0,1,1],"texture":"#0","tintindex":0},"west":{"uv":[0,0,3,1],"texture":"#0","tintindex":0},"up":{"uv":[0,0,1,3],"texture":"#0","tintindex":0},"down":{"uv":[0,0,1,3],"texture":"#0","tintindex":0}}},{"from":[17.5,10,8],"to":[19,11,10],"faces":{"north":{"uv":[0,0,1,1],"texture":"#0","tintindex":0},"east":{"uv":[3.85833,2.86667,6.85833,3.86667],"texture":"#0","tintindex":0},"south":{"uv":[0,0,1,1],"texture":"#0","tintindex":0},"west":{"uv":[0,0,3,1],"texture":"#0","tintindex":0},"up":{"uv":[0,0,1,3],"texture":"#0","tintindex":0},"down":{"uv":[0,0,1,3],"texture":"#0","tintindex":0}}},{"from":[18.3869,7.89041,1.25],"to":[18.8869,25.64041,2],"rotation":{"angle":45,"axis":"z","origin":[14,9,-14]},"faces":{"north":{"uv":[0,0,1,16],"texture":"#0","tintindex":0},"east":{"uv":[0,0,1,16],"texture":"#0","tintindex":0},"south":{"uv":[0,0,1,16],"texture":"#0","tintindex":0},"west":{"uv":[0,0,1,16],"texture":"#0","tintindex":0},"up":{"uv":[0,0,1,1],"texture":"#0","tintindex":0},"down":{"uv":[0,0,1,1],"texture":"#0","tintindex":0}}},{"from":[4.5,0.25,5],"to":[8.5,10.25,6],"faces":{"north":{"uv":[6,7.43333,9.96667,15],"texture":"#0","tintindex":0},"east":{"uv":[0,0,1,10],"texture":"#0","tintindex":0},"south":{"uv":[6,7.25,10.08333,15],"texture":"#0","tintindex":0},"west":{"uv":[0,0,1,10],"texture":"#0","tintindex":0},"up":{"uv":[0,0,4,1],"texture":"#0","tintindex":0},"down":{"uv":[0,0,4,1],"texture":"#0","tintindex":0}}}]}