{"display":{"gui":{"rotation":[29,-41,0],"translation":[-2.25,-4.5,0],"scale":[0.45,0.45,0.45]},"head":{"rotation":[0,-180,0],"translation":[0,-19,-5.5],"scale":[3,3,3]}},"texture_size":[32,32],"textures":{"0":"models/jw/piano/piano","5":"models/jw/piano/red","particle":"models/jw/piano/piano"},"elements":[{"from":[17.5,8,-3],"to":[19,13.75,7],"faces":{"north":{"uv":[0,0,1.24167,6],"texture":"#0","tintindex":0},"east":{"uv":[2.33333,8,14.33333,14],"texture":"#0","tintindex":0},"south":{"uv":[1.41667,4.33333,15.66667,11.08333],"texture":"#0","tintindex":0},"west":{"uv":[3,7.66667,15,13.66667],"texture":"#0","tintindex":0},"up":{"uv":[1.33333,8.91667,13.9,12],"texture":"#0","tintindex":0},"down":{"uv":[1.33333,8,11.33333,14],"texture":"#0","tintindex":0}}},{"from":[17.5,11,7],"to":[19,12.55,9],"faces":{"north":{"uv":[0,0,16,6],"texture":"#0","tintindex":0},"east":{"uv":[2.33333,8,14.33333,14],"texture":"#0","tintindex":0},"south":{"uv":[3.41667,8.55,9.1,14.41667],"texture":"#0","tintindex":0},"west":{"uv":[3,7.66667,15,13.66667],"texture":"#0","tintindex":0},"up":{"uv":[3.66667,8.66667,9.33333,12.33333],"texture":"#0","tintindex":0},"down":{"uv":[1.33333,8,11.33333,14],"texture":"#0","tintindex":0}}},{"from":[-6,11,7],"to":[-4.5,12.55,9],"faces":{"north":{"uv":[0,0,16,6],"texture":"#0","tintindex":0},"east":{"uv":[2.33333,8,14.33333,14],"texture":"#0","tintindex":0},"south":{"uv":[5.08333,8.76667,12.43333,13.75],"texture":"#0","tintindex":0},"west":{"uv":[3,7.66667,15,13.66667],"texture":"#0","tintindex":0},"up":{"uv":[5.33333,9,13.33333,12.66667],"texture":"#0","tintindex":0},"down":{"uv":[1.33333,8,11.33333,14],"texture":"#0","tintindex":0}}},{"from":[-5,8,4.5],"to":[17.5,12.5,7],"faces":{"north":{"uv":[0,0,16,6],"texture":"#0","tintindex":0},"east":{"uv":[2.33333,8,14.33333,14],"texture":"#0","tintindex":0},"south":{"uv":[1.08333,0,15.33333,6.75],"texture":"#0","tintindex":0},"west":{"uv":[3,7.66667,15,13.66667],"texture":"#0","tintindex":0},"up":{"uv":[1.66667,8.18333,14.375,13.66667],"texture":"#0","tintindex":0},"down":{"uv":[1.33333,8,11.33333,14],"texture":"#0","tintindex":0}}},{"from":[-6,8,-11.5],"to":[-5,13.75,7],"faces":{"north":{"uv":[0,0,16,6],"texture":"#0","tintindex":0},"east":{"uv":[2.33333,8,14.33333,14],"texture":"#0","tintindex":0},"south":{"uv":[1.08333,0,15.33333,6.75],"texture":"#0","tintindex":0},"west":{"uv":[3,7.66667,15,13.66667],"texture":"#0","tintindex":0},"up":{"uv":[0.66667,2,16,12],"texture":"#0","tintindex":0},"down":{"uv":[1.33333,8,11.33333,14],"texture":"#0","tintindex":0}}},{"from":[-4.425,8,-12.75],"to":[15.5,10.75,4.5],"faces":{"north":{"uv":[0,0,16,6],"texture":"#0","tintindex":0},"east":{"uv":[2.33333,8,14.33333,14],"texture":"#0","tintindex":0},"south":{"uv":[1.08333,0,15.33333,6.75],"texture":"#0","tintindex":0},"west":{"uv":[3,7.66667,15,13.66667],"texture":"#0","tintindex":0},"up":{"uv":[2.24167,8.275,13.76667,15.3],"texture":"#0","tintindex":0},"down":{"uv":[1.33333,8,11.33333,14],"texture":"#0","tintindex":0}}},{"from":[-2.75,8,-14.75],"to":[14.25,10.75,-12.75],"faces":{"north":{"uv":[0,0,16,6],"texture":"#0","tintindex":0},"east":{"uv":[2.33333,8,14.33333,14],"texture":"#0","tintindex":0},"south":{"uv":[1.08333,0,15.33333,6.75],"texture":"#0","tintindex":0},"west":{"uv":[3,7.66667,15,13.66667],"texture":"#0","tintindex":0},"up":{"uv":[0,2.66667,1,12],"texture":"#0","tintindex":0},"down":{"uv":[1.33333,8,11.33333,14],"texture":"#0","tintindex":0}}},{"from":[16.5,8,-6],"to":[17.5,10.75,5.5],"faces":{"north":{"uv":[0,0,16,6],"texture":"#0","tintindex":0},"east":{"uv":[2.33333,8,14.33333,14],"texture":"#0","tintindex":0},"south":{"uv":[1.08333,0,15.33333,6.75],"texture":"#0","tintindex":0},"west":{"uv":[3,7.66667,15,13.66667],"texture":"#0","tintindex":0},"up":{"uv":[0,0,16,12],"texture":"#0","tintindex":0},"down":{"uv":[1.33333,8,11.33333,14],"texture":"#0","tintindex":0}}},{"from":[15.5,8,-11.5],"to":[16.5,10.75,5.5],"faces":{"north":{"uv":[0,0,16,6],"texture":"#0","tintindex":0},"east":{"uv":[2.33333,8,14.33333,14],"texture":"#0","tintindex":0},"south":{"uv":[1.08333,0,15.33333,6.75],"texture":"#0","tintindex":0},"west":{"uv":[3,7.66667,15,13.66667],"texture":"#0","tintindex":0},"up":{"uv":[0,0,16,12],"texture":"#0","tintindex":0},"down":{"uv":[1.33333,8,11.33333,14],"texture":"#0","tintindex":0}}},{"from":[-5.95,12.575,-10.35],"to":[17.925,13.6,6.675],"rotation":{"angle":0,"axis":"z","origin":[0,2,0]},"faces":{"north":{"uv":[0,0,16,1],"texture":"#0","tintindex":0},"east":{"uv":[0,0,14.75,1],"texture":"#0","tintindex":0},"south":{"uv":[0,0,15.16667,1],"texture":"#0","tintindex":0},"west":{"uv":[0,0,16,1],"texture":"#0","tintindex":0},"up":{"uv":[1.33333,11.16667,15.08333,16],"texture":"#0","tintindex":0},"down":{"uv":[2.33333,8.25,14,14.75],"texture":"#0","tintindex":0}}},{"from":[-4.25,12.6,-13.2],"to":[15.925,13.6,-10.2],"rotation":{"angle":0,"axis":"z","origin":[0,2,0]},"faces":{"north":{"uv":[0,0,16,1],"texture":"#0","tintindex":0},"east":{"uv":[0,0,3,1],"texture":"#0","tintindex":0},"south":{"uv":[0,0,16,1],"texture":"#0","tintindex":0},"west":{"uv":[0,0,3,1],"texture":"#0","tintindex":0},"up":{"uv":[1.66667,8.5,14.58333,10.75],"texture":"#0","tintindex":0},"down":{"uv":[1.66667,8.5,14.5,11],"texture":"#0","tintindex":0}}},{"from":[-2.175,12.6,-15.375],"to":[13.725,13.6,-13.2],"rotation":{"angle":0,"axis":"z","origin":[0,2,0]},"faces":{"north":{"uv":[0.91667,0.08333,15.33333,0.66667],"texture":"#0","tintindex":0},"east":{"uv":[0,0,2,1],"texture":"#0","tintindex":0},"south":{"uv":[0,0,16,1],"texture":"#0","tintindex":0},"west":{"uv":[0,0,2,1],"texture":"#0","tintindex":0},"up":{"uv":[1.83333,8.58333,12.91667,10.66667],"texture":"#0","tintindex":0},"down":{"uv":[2.08333,8.58333,14,10.66667],"texture":"#0","tintindex":0}}},{"from":[16.5,8,-10.5],"to":[17.75,13.75,-3],"faces":{"north":{"uv":[0,0.63333,0.88333,6],"texture":"#0","tintindex":0},"east":{"uv":[3.33333,9,9.33333,15],"texture":"#0","tintindex":0},"south":{"uv":[4,8.16667,9.13333,13],"texture":"#0","tintindex":0},"west":{"uv":[4.66667,9.33333,10.66667,15.33333],"texture":"#0","tintindex":0},"up":{"uv":[2.66667,9,14.33333,13],"texture":"#0","tintindex":0},"down":{"uv":[3,9,13,14.33333],"texture":"#0","tintindex":0}}},{"from":[19,8,-2],"to":[20.5,13.75,4.5],"rotation":{"angle":45,"axis":"y","origin":[0,0,0]},"faces":{"north":{"uv":[2.66667,1.66667,13,5.66667],"texture":"#0","tintindex":0},"east":{"uv":[5.33333,9.33333,8.33333,15.33333],"texture":"#0","tintindex":0},"south":{"uv":[0,0,1.1,6],"texture":"#0","tintindex":0},"west":{"uv":[3,7.33333,6,13.33333],"texture":"#0","tintindex":0},"up":{"uv":[2,8.73333,14.03333,11.73333],"texture":"#0","tintindex":0},"down":{"uv":[2.33333,11.66667,14,14.33333],"texture":"#0","tintindex":0}}},{"from":[4,8,-12.5],"to":[10.25,13.75,-11],"rotation":{"angle":45,"axis":"y","origin":[0,0,0]},"faces":{"north":{"uv":[5.33333,9.33333,8.33333,15.33333],"texture":"#0","tintindex":0},"east":{"uv":[0,0.14167,1.275,6],"texture":"#0","tintindex":0},"south":{"uv":[3,7.33333,6,13.33333],"texture":"#0","tintindex":0},"west":{"uv":[2.66667,1.66667,13,5.66667],"texture":"#0","tintindex":0},"up":{"uv":[2.66667,8.31667,14.63333,11.66667],"texture":"#0","tintindex":0},"down":{"uv":[2.33333,11.66667,14,14.33333],"texture":"#0","tintindex":0}}},{"from":[-0.75,8,-16],"to":[12.25,13.75,-14.75],"faces":{"north":{"uv":[1.33333,0.66667,14.41667,5.75],"texture":"#0","tintindex":0},"east":{"uv":[6.33333,8.33333,8.33333,14.33333],"texture":"#0","tintindex":0},"south":{"uv":[3.33333,8.275,9.66667,13],"texture":"#0","tintindex":0},"west":{"uv":[3.33333,7,5.33333,13],"texture":"#0","tintindex":0},"up":{"uv":[1.66667,8.825,13.63333,11],"texture":"#0","tintindex":0},"down":{"uv":[3.33333,11.66667,11.66667,13.66667],"texture":"#0","tintindex":0}}},{"from":[-4.5,12,7],"to":[17.5,12.5,7.5],"faces":{"north":{"uv":[0,0,16,0.5],"texture":"#0","tintindex":0},"east":{"uv":[0,0,0.5,0.5],"texture":"#0","tintindex":0},"south":{"uv":[1.33333,0,14.58333,0.5],"texture":"#0","tintindex":0},"west":{"uv":[0,0,0.5,0.5],"texture":"#0","tintindex":0},"up":{"uv":[0,0,14.61667,0.5],"texture":"#0","tintindex":0},"down":{"uv":[0,0,16,0.5],"texture":"#0","tintindex":0}}},{"from":[-6,8,7],"to":[19,10,10],"faces":{"north":{"uv":[0,0,16,1.75],"texture":"#0","tintindex":0},"east":{"uv":[3,3.66667,6,5.41667],"texture":"#0","tintindex":0},"south":{"uv":[1.08333,0.5,15.33333,1.91667],"texture":"#0","tintindex":0},"west":{"uv":[3,3.66667,6,5.41667],"texture":"#0","tintindex":0},"up":{"uv":[0,0,16,3],"texture":"#0","tintindex":0},"down":{"uv":[2.66667,7.66667,15.33333,10.66667],"texture":"#0","tintindex":0}}},{"from":[-4.75,10,9.25],"to":[18,10.25,9.75],"faces":{"north":{"uv":[0,0,16,0.25],"texture":"#0","tintindex":0},"east":{"uv":[0,0,0.5,0.25],"texture":"#0","tintindex":0},"south":{"uv":[0,0,16,0.25],"texture":"#0","tintindex":0},"west":{"uv":[0,0,0.5,0.25],"texture":"#0","tintindex":0},"up":{"uv":[0,0,16,0.5],"texture":"#0","tintindex":0},"down":{"uv":[0,0,16,0.5],"texture":"#0","tintindex":0}}},{"from":[-6,10,7],"to":[19,11.15,8],"faces":{"north":{"uv":[0,0,16,0.9],"texture":"#0","tintindex":0},"east":{"uv":[3.66667,8,6.75,10.23333],"texture":"#0","tintindex":0},"south":{"uv":[0,0,16,0.9],"texture":"#0","tintindex":0},"west":{"uv":[0,0,0.75,0.9],"texture":"#0","tintindex":0},"up":{"uv":[0,0,16,0.75],"texture":"#0","tintindex":0},"down":{"uv":[0,0,16,0.75],"texture":"#0","tintindex":0}}},{"from":[-6,10,8],"to":[-4.5,11,10],"faces":{"north":{"uv":[0,0,1,1],"texture":"#0","tintindex":0},"east":{"uv":[0,0,3,1],"texture":"#0","tintindex":0},"south":{"uv":[0,0,1,1],"texture":"#0","tintindex":0},"west":{"uv":[0,0,3,1],"texture":"#0","tintindex":0},"up":{"uv":[0,0,1,3],"texture":"#0","tintindex":0},"down":{"uv":[0,0,1,3],"texture":"#0","tintindex":0}}},{"from":[17.5,10,8],"to":[19,11,10],"faces":{"north":{"uv":[0,0,1,1],"texture":"#0","tintindex":0},"east":{"uv":[3.85833,2.86667,6.85833,3.86667],"texture":"#0","tintindex":0},"south":{"uv":[0,0,1,1],"texture":"#0","tintindex":0},"west":{"uv":[0,0,3,1],"texture":"#0","tintindex":0},"up":{"uv":[0,0,1,3],"texture":"#0","tintindex":0},"down":{"uv":[0,0,1,3],"texture":"#0","tintindex":0}}},{"from":[4.5,0.25,5],"to":[8.5,10.25,6],"faces":{"north":{"uv":[6,7.43333,9.96667,15],"texture":"#0","tintindex":0},"east":{"uv":[0,0,1,10],"texture":"#0","tintindex":0},"south":{"uv":[6,7.25,10.08333,15],"texture":"#0","tintindex":0},"west":{"uv":[0,0,1,10],"texture":"#0","tintindex":0},"up":{"uv":[0,0,4,1],"texture":"#0","tintindex":0},"down":{"uv":[0,0,4,1],"texture":"#0","tintindex":0}}},{"from":[3.5,0.25,4.5],"to":[9.5,2.25,7],"faces":{"north":{"uv":[6,3.66667,12,5.66667],"texture":"#0","tintindex":0},"east":{"uv":[6.66667,3.33333,9.16667,5.33333],"texture":"#0","tintindex":0},"south":{"uv":[6.33333,3.33333,12.33333,5.33333],"texture":"#0","tintindex":0},"west":{"uv":[8.66667,3.66667,11.16667,5.66667],"texture":"#0","tintindex":0},"up":{"uv":[5.66667,3,11.66667,5.5],"texture":"#0","tintindex":0},"down":{"uv":[6,3.33333,12,5.83333],"texture":"#0","tintindex":0}}},{"from":[16.25,0,2.75],"to":[17.25,2.75,4.5],"faces":{"north":{"uv":[0,0,1,1.375],"texture":"#0","tintindex":0},"east":{"uv":[0,0,1.75,2.75],"texture":"#0","tintindex":0},"south":{"uv":[0,0,2,2.75],"texture":"#0","tintindex":0},"west":{"uv":[0,0,1.75,2.75],"texture":"#0","tintindex":0},"up":{"uv":[0,0,2,1.75],"texture":"#0","tintindex":0},"down":{"uv":[0,0,2,1.75],"texture":"#0","tintindex":0}}},{"from":[16.25,2.5,2.25],"to":[17.5,4.75,4.25],"faces":{"north":{"uv":[0,0,1,10],"texture":"#0","tintindex":0},"east":{"uv":[0,0,1,10],"texture":"#0","tintindex":0},"south":{"uv":[0,0,1,10],"texture":"#0","tintindex":0},"west":{"uv":[0,0,1,10],"texture":"#0","tintindex":0},"up":{"uv":[0,0,1,1],"texture":"#0","tintindex":0},"down":{"uv":[0,0,1,1],"texture":"#0","tintindex":0}}},{"from":[16.25,4.75,2],"to":[17.75,8,4],"faces":{"north":{"uv":[0,0,2,2.75],"texture":"#0","tintindex":0},"east":{"uv":[0,0,1.75,2.75],"texture":"#0","tintindex":0},"south":{"uv":[0,0,2,2.75],"texture":"#0","tintindex":0},"west":{"uv":[0,0,1.75,2.75],"texture":"#0","tintindex":0},"up":{"uv":[0,0,2,1.75],"texture":"#0","tintindex":0},"down":{"uv":[0,0,2,1.75],"texture":"#0","tintindex":0}}},{"from":[-4.75,0,1],"to":[-3.75,2.5,2.75],"faces":{"north":{"uv":[0,0,2,2.75],"texture":"#0","tintindex":0},"east":{"uv":[0,0,1.75,2.75],"texture":"#0","tintindex":0},"south":{"uv":[0,0,2,2.75],"texture":"#0","tintindex":0},"west":{"uv":[0,0,1.75,2.75],"texture":"#0","tintindex":0},"up":{"uv":[0,0,2,1.75],"texture":"#0","tintindex":0},"down":{"uv":[0,0,2,1.75],"texture":"#0","tintindex":0}}},{"from":[-5,2.5,1.25],"to":[-3.75,4.75,3.25],"faces":{"north":{"uv":[0,0,1,10],"texture":"#0","tintindex":0},"east":{"uv":[0,0,1,10],"texture":"#0","tintindex":0},"south":{"uv":[0,0,1,10],"texture":"#0","tintindex":0},"west":{"uv":[0,0,1,10],"texture":"#0","tintindex":0},"up":{"uv":[0,0,1,1],"texture":"#0","tintindex":0},"down":{"uv":[0,0,1,1],"texture":"#0","tintindex":0}}},{"from":[-5.25,4.75,1.5],"to":[-3.75,8,3.5],"faces":{"north":{"uv":[0,0,2,2.75],"texture":"#0","tintindex":0},"east":{"uv":[0,0,1.75,2.75],"texture":"#0","tintindex":0},"south":{"uv":[0,0,2,2.75],"texture":"#0","tintindex":0},"west":{"uv":[0,0,1.75,2.75],"texture":"#0","tintindex":0},"up":{"uv":[0,0,2,1.75],"texture":"#0","tintindex":0},"down":{"uv":[0,0,2,1.75],"texture":"#0","tintindex":0}}},{"from":[0.25,0,-13.75],"to":[1.5,2.5,-12],"faces":{"north":{"uv":[0,0,2,2.75],"texture":"#0","tintindex":0},"east":{"uv":[0,0,1.75,2.75],"texture":"#0","tintindex":0},"south":{"uv":[0,0,2,2.75],"texture":"#0","tintindex":0},"west":{"uv":[0,0,1.75,2.75],"texture":"#0","tintindex":0},"up":{"uv":[0,0,2,1.75],"texture":"#0","tintindex":0},"down":{"uv":[0,0,2,1.75],"texture":"#0","tintindex":0}}},{"from":[0.25,2.5,-14.25],"to":[1.5,4.75,-12.25],"faces":{"north":{"uv":[0,0,1,10],"texture":"#0","tintindex":0},"east":{"uv":[0,0,1,10],"texture":"#0","tintindex":0},"south":{"uv":[0,0,1,10],"texture":"#0","tintindex":0},"west":{"uv":[0,0,1,10],"texture":"#0","tintindex":0},"up":{"uv":[0,0,1,1],"texture":"#0","tintindex":0},"down":{"uv":[0,0,1,1],"texture":"#0","tintindex":0}}},{"from":[0,4.75,-14.5],"to":[1.75,8,-12.5],"faces":{"north":{"uv":[0,0,2,2.75],"texture":"#0","tintindex":0},"east":{"uv":[0,0,1.75,2.75],"texture":"#0","tintindex":0},"south":{"uv":[0,0,2,2.75],"texture":"#0","tintindex":0},"west":{"uv":[0,0,1.75,2.75],"texture":"#0","tintindex":0},"up":{"uv":[0,0,2,1.75],"texture":"#0","tintindex":0},"down":{"uv":[0,0,2,1.75],"texture":"#0","tintindex":0}}},{"from":[-5.5,10.7,8],"to":[17.75,10.8,8.1],"faces":{"north":{"uv":[0,0,11.5,0.5],"texture":"#5"},"east":{"uv":[0,2,0.5,2.5],"texture":"#5"},"south":{"uv":[0,0.5,11.5,1],"texture":"#5"},"west":{"uv":[0.5,2,1,2.5],"texture":"#5"},"up":{"uv":[11.5,1.5,0,1],"texture":"#5"},"down":{"uv":[11.5,1.5,0,2],"texture":"#5"}}}]}