{"display":{"gui":{"rotation":[20,-44,0],"translation":[0,-1,0],"scale":[0.5,0.5,0.5]},"head":{"rotation":[0,-180,0],"translation":[0,-19,-5.5],"scale":[3,3,3]}},"textures":{"particle":"models/jw/piano/piano","layer0":"models/jw/piano/piano"},"elements":[{"from":[-5.75,1.75,2],"to":[18.5,18.25,7],"faces":{"north":{"uv":[0,0,16,16],"texture":"#layer0","tintindex":0},"east":{"uv":[5.91667,0.66667,13.66667,14.91667],"texture":"#layer0","tintindex":0},"south":{"uv":[0.33333,0.33333,15.66667,16],"texture":"#layer0","tintindex":0},"west":{"uv":[0,0,16,16],"texture":"#layer0","tintindex":0},"up":{"uv":[0,0,16,16],"texture":"#layer0","tintindex":0},"down":{"uv":[0,0,16,16],"texture":"#layer0","tintindex":0}}},{"from":[17.75,2.5,6.5],"to":[19,18,7.5],"faces":{"north":{"uv":[0,0,1,16],"rotation":270,"texture":"#layer0","tintindex":0},"east":{"uv":[0,0,1,16],"rotation":270,"texture":"#layer0","tintindex":0},"south":{"uv":[0,0,1,15.66667],"rotation":270,"texture":"#layer0","tintindex":0},"west":{"uv":[0,0,1,16],"rotation":270,"texture":"#layer0","tintindex":0},"up":{"uv":[0,0,1,16],"rotation":270,"texture":"#layer0","tintindex":0},"down":{"uv":[0,0,1,16],"rotation":270,"texture":"#layer0","tintindex":0}}},{"from":[-6,2.5,6.5],"to":[-4.75,18,7.5],"faces":{"north":{"uv":[0,0,1.25,15.5],"texture":"#layer0","tintindex":0},"east":{"uv":[0,0,1,15.5],"texture":"#layer0","tintindex":0},"south":{"uv":[0,0,1,15.5],"rotation":180,"texture":"#layer0","tintindex":0},"west":{"uv":[0,0,1,15.5],"texture":"#layer0","tintindex":0},"up":{"uv":[0,0,1.25,1],"texture":"#layer0","tintindex":0},"down":{"uv":[0,0,1.25,1],"texture":"#layer0","tintindex":0}}},{"from":[-6,2.5,1.5],"to":[-4.75,18,2.5],"faces":{"north":{"uv":[0,0,1.25,15.5],"texture":"#layer0","tintindex":0},"east":{"uv":[0,0,1,16],"texture":"#layer0","tintindex":0},"south":{"uv":[0,0,1,16],"rotation":270,"texture":"#layer0","tintindex":0},"west":{"uv":[0,0,1,16],"texture":"#layer0","tintindex":0},"up":{"uv":[0,0,1,16],"rotation":90,"texture":"#layer0","tintindex":0},"down":{"uv":[0,0,1,16],"rotation":90,"texture":"#layer0","tintindex":0}}},{"from":[17.75,2.5,1.5],"to":[19,18,2.5],"faces":{"north":{"uv":[0,0,1.33333,16],"texture":"#layer0","tintindex":0},"east":{"uv":[0,0,1.33333,15.66667],"texture":"#layer0","tintindex":0},"south":{"uv":[0,0,1,16],"rotation":270,"texture":"#layer0","tintindex":0},"west":{"uv":[0,0,1.33333,16],"texture":"#layer0","tintindex":0},"up":{"uv":[0,0,1.33333,15.66667],"rotation":90,"texture":"#layer0","tintindex":0},"down":{"uv":[0,0,1.33333,16],"rotation":90,"texture":"#layer0","tintindex":0}}},{"from":[-6.25,0,1.25],"to":[19.25,2.5,7.75],"faces":{"north":{"uv":[2.33333,2,14,5.33333],"rotation":180,"texture":"#layer0","tintindex":0},"east":{"uv":[3,7.66667,12.25,13.08333],"rotation":90,"texture":"#layer0","tintindex":0},"south":{"uv":[2.41667,2.16667,13.91667,5.83333],"rotation":180,"texture":"#layer0","tintindex":0},"west":{"uv":[3,7.66667,12.16667,13],"rotation":180,"texture":"#layer0","tintindex":0},"up":{"uv":[3,8,12,13],"rotation":90,"texture":"#layer0","tintindex":0},"down":{"uv":[0,2.66667,1.33333,16],"rotation":180,"texture":"#layer0","tintindex":0}}},{"from":[1,12.5,7],"to":[12,16,7.25],"faces":{"north":{"uv":[0,0,11,3.5],"texture":"#layer0","tintindex":0},"east":{"uv":[0,0,0.25,3.5],"texture":"#layer0","tintindex":0},"south":{"uv":[2.25,11.16667,12.66667,14.5],"texture":"#layer0","tintindex":0},"west":{"uv":[0,0,0.25,3.5],"texture":"#layer0","tintindex":0},"up":{"uv":[0,0,11,0.25],"texture":"#layer0","tintindex":0},"down":{"uv":[0,0,11,0.25],"texture":"#layer0","tintindex":0}}},{"from":[1,12.25,7],"to":[12,12.5,8.25],"faces":{"north":{"uv":[0,0,11,0.25],"texture":"#layer0","tintindex":0},"east":{"uv":[0,0,1.25,0.25],"texture":"#layer0","tintindex":0},"south":{"uv":[0,0,11,0.25],"texture":"#layer0","tintindex":0},"west":{"uv":[0,0,1.25,0.25],"texture":"#layer0","tintindex":0},"up":{"uv":[2.33333,13.91667,13.33333,15.16667],"texture":"#layer0","tintindex":0},"down":{"uv":[2,14.33333,13,15.58333],"texture":"#layer0","tintindex":0}}},{"from":[-4.75,9,7.5],"to":[17.75,10,10],"faces":{"north":{"uv":[0,0,16,1],"texture":"#layer0","tintindex":0},"east":{"uv":[0,0,3,1],"texture":"#layer0","tintindex":0},"south":{"uv":[2.75,11.5,14.25,13.33333],"texture":"#layer0","tintindex":0},"west":{"uv":[0,0,3,1],"texture":"#layer0","tintindex":0},"up":{"uv":[1.33333,1,14.33333,3],"texture":"#layer0","tintindex":0},"down":{"uv":[1.66667,1,14.33333,3],"texture":"#layer0","tintindex":0}}},{"from":[-5,9.5,7.1],"to":[18,11.25,7.85],"faces":{"north":{"uv":[0,0,16,1],"texture":"#layer0","tintindex":0},"east":{"uv":[0,0,3,1],"texture":"#layer0","tintindex":0},"south":{"uv":[0,3.66667,1.25,15.91667],"rotation":90,"texture":"#layer0","tintindex":0},"west":{"uv":[0,0,3,1],"texture":"#layer0","tintindex":0},"up":{"uv":[0,3.58333,1.25,15.33333],"rotation":90,"texture":"#layer0","tintindex":0},"down":{"uv":[0,0,16,3],"texture":"#layer0","tintindex":0}}},{"from":[-5,10,9.25],"to":[18,10.25,9.75],"faces":{"north":{"uv":[0,0,15.33333,0.91667],"texture":"#layer0","tintindex":0},"east":{"uv":[0,0,0.5,0.25],"texture":"#layer0","tintindex":0},"south":{"uv":[1.5,0.08333,15.33333,0.91667],"texture":"#layer0","tintindex":0},"west":{"uv":[0,0,0.5,0.25],"texture":"#layer0","tintindex":0},"up":{"uv":[1.41667,0,15.33333,0.83333],"texture":"#layer0","tintindex":0},"down":{"uv":[0,0,15.33333,0.83333],"texture":"#layer0","tintindex":0}}},{"from":[-6,9,7.5],"to":[-4.75,11.25,10],"faces":{"north":{"uv":[0,8.33333,1,9.33333],"texture":"#layer0","tintindex":0},"east":{"uv":[0,8.33333,3,9.33333],"texture":"#layer0","tintindex":0},"south":{"uv":[0,0,1.25,3.5],"rotation":90,"texture":"#layer0","tintindex":0},"west":{"uv":[0,0,1.33333,3.5],"rotation":90,"texture":"#layer0","tintindex":0},"up":{"uv":[0,8.33333,1,11.33333],"texture":"#layer0","tintindex":0},"down":{"uv":[0,0.33333,1.33333,3.33333],"texture":"#layer0","tintindex":0}}},{"from":[17.75,9,7.5],"to":[19,11.25,10],"faces":{"north":{"uv":[0,0,1,1],"texture":"#layer0","tintindex":0},"east":{"uv":[0,0,1.33333,2.5],"rotation":90,"texture":"#layer0","tintindex":0},"south":{"uv":[0,0,1.33333,2.25],"rotation":90,"texture":"#layer0","tintindex":0},"west":{"uv":[0,0,3,1],"texture":"#layer0","tintindex":0},"up":{"uv":[0,0,1,3],"texture":"#layer0","tintindex":0},"down":{"uv":[0,0,1,3],"texture":"#layer0","tintindex":0}}},{"from":[17.5,0,7.75],"to":[19.25,1.5,10.5],"faces":{"north":{"uv":[0,0,1,1],"texture":"#layer0","tintindex":0},"east":{"uv":[0,0,2,1],"texture":"#layer0","tintindex":0},"south":{"uv":[0,0,1,1],"texture":"#layer0","tintindex":0},"west":{"uv":[0,0,2,1],"texture":"#layer0","tintindex":0},"up":{"uv":[0,0,1,2],"texture":"#layer0","tintindex":0},"down":{"uv":[0,0,1,2],"texture":"#layer0","tintindex":0}}},{"from":[-6.25,0,7.75],"to":[-4.5,1.5,10.5],"faces":{"north":{"uv":[0,0,1,1],"texture":"#layer0","tintindex":0},"east":{"uv":[0,0,2,1],"texture":"#layer0","tintindex":0},"south":{"uv":[0,0,1,1],"texture":"#layer0","tintindex":0},"west":{"uv":[0,0,2,1],"texture":"#layer0","tintindex":0},"up":{"uv":[0,0,1,2],"texture":"#layer0","tintindex":0},"down":{"uv":[0,0,1,2],"texture":"#layer0","tintindex":0}}},{"from":[18,0,8.75],"to":[18.75,9,9.75],"faces":{"north":{"uv":[0,6,1,16],"texture":"#layer0","tintindex":0},"east":{"uv":[0,6,1,16],"texture":"#layer0","tintindex":0},"south":{"uv":[0,6,1,16],"texture":"#layer0","tintindex":0},"west":{"uv":[0,6,1,16],"texture":"#layer0","tintindex":0},"up":{"uv":[0,6,1,7],"texture":"#layer0","tintindex":0},"down":{"uv":[0,6,1,7],"texture":"#layer0","tintindex":0}}},{"from":[-5.75,0,8.75],"to":[-5,9,9.75],"faces":{"north":{"uv":[0,6,1,16],"texture":"#layer0","tintindex":0},"east":{"uv":[0,6,1,16],"texture":"#layer0","tintindex":0},"south":{"uv":[0,6,1,16],"texture":"#layer0","tintindex":0},"west":{"uv":[0,6,1,16],"texture":"#layer0","tintindex":0},"up":{"uv":[0,6,1,7],"texture":"#layer0","tintindex":0},"down":{"uv":[0,6,1,7],"texture":"#layer0","tintindex":0}}},{"from":[-6.5,18,1],"to":[19.5,18.75,7.75],"faces":{"north":{"uv":[1.16667,0,14.91667,0.41667],"texture":"#layer0","tintindex":0},"east":{"uv":[1.33333,0,6.75,0.58333],"texture":"#layer0","tintindex":0},"south":{"uv":[1.08333,0,14.91667,0.58333],"texture":"#layer0","tintindex":0},"west":{"uv":[0.91667,0,9.91667,0.5],"texture":"#layer0","tintindex":0},"up":{"uv":[1.41667,8.5,14.33333,11.08333],"texture":"#layer0","tintindex":0},"down":{"uv":[1.33333,8.58333,14.25,11.08333],"texture":"#layer0","tintindex":0}}}]}