{"display":{"head":{"rotation":[0,180,0],"translation":[0,-37.5,8.25],"scale":[1.5,1.5,1.5]}},"textures":{"0":"models/jw/pianist/pianist","particle":"models/jw/pianist/pianist"},"elements":[{"name":"right_arm","from":[12,13,4.75],"to":[16,17,16.75],"rotation":{"angle":-22.5,"axis":"x","origin":[0,0,-1.75]},"faces":{"north":{"uv":[13,4,12,5],"rotation":180,"texture":"#0"},"east":{"uv":[10,5,11,8],"rotation":270,"texture":"#0"},"south":{"uv":[12,5,11,4],"texture":"#0"},"west":{"uv":[12,5,13,8],"rotation":90,"texture":"#0"},"up":{"uv":[11,5,12,8],"rotation":180,"texture":"#0"},"down":{"uv":[13,5,14,8],"texture":"#0"}}},{"name":"left_arm","from":[0,14,4],"to":[4,18,16],"rotation":{"angle":-22.5,"axis":"x","origin":[0,0,-1.75]},"faces":{"north":{"uv":[11,12,10,13],"rotation":180,"texture":"#0"},"east":{"uv":[8,13,9,16],"rotation":270,"texture":"#0"},"south":{"uv":[10,13,9,12],"texture":"#0"},"west":{"uv":[10,13,11,16],"rotation":90,"texture":"#0"},"up":{"uv":[9,13,10,16],"rotation":180,"texture":"#0"},"down":{"uv":[11,13,12,16],"texture":"#0"}}}]}