{"display":{"gui":{"rotation":[20,-44,0],"translation":[0,-1,0],"scale":[0.5,0.5,0.5]},"head":{"rotation":[0,-180,0],"translation":[0,-37,4.25],"scale":[1.5,1.5,1.5]}},"textures":{"1":"models/jw/pianist/pianist","particle":"models/jw/pianist/pianist"},"elements":[{"name":"body","from":[4,11.5,4.25],"to":[12,23.5,8.25],"rotation":{"angle":0,"axis":"y","origin":[0,0,-1.75]},"faces":{"north":{"uv":[5,5,7,7.98],"texture":"#1"},"east":{"uv":[4,5,5,8],"texture":"#1"},"south":{"uv":[8,5,10,8],"texture":"#1"},"west":{"uv":[7,5,8,7.98],"texture":"#1"},"up":{"uv":[7,5,5,4],"texture":"#1"},"down":{"uv":[9,4,7,5],"texture":"#1"}}},{"name":"body","from":[2.75,6.21371,8.8436],"to":[13.25,23.71371,10.0936],"rotation":{"angle":-22.5,"axis":"x","origin":[0,20,9.25]},"faces":{"north":{"uv":[5,5,7,7.98],"texture":"#1"},"east":{"uv":[4,5,5,8],"texture":"#1"},"south":{"uv":[8,5,10,8],"texture":"#1"},"west":{"uv":[7,5,8,7.98],"texture":"#1"},"up":{"uv":[7,5,5,4],"texture":"#1"},"down":{"uv":[9,4,7,5],"texture":"#1"}}},{"name":"right_leg","from":[8,8,1.5],"to":[12,12,10.75],"rotation":{"angle":-22.5,"axis":"x","origin":[1,5,8.25]},"faces":{"north":{"uv":[3,4,2,5],"rotation":180,"texture":"#1"},"east":{"uv":[0,5,1,7],"rotation":270,"texture":"#1"},"south":{"uv":[3,5,2,4],"texture":"#1"},"west":{"uv":[2,5,3,7],"rotation":90,"texture":"#1"},"up":{"uv":[1,5,2,7],"rotation":180,"texture":"#1"},"down":{"uv":[3,5,4,7],"texture":"#1"}}},{"name":"left_leg","from":[4,8,1.5],"to":[8,12,10.75],"rotation":{"angle":-22.5,"axis":"x","origin":[1,5,8.25]},"faces":{"north":{"uv":[7,12,6,13],"rotation":180,"texture":"#1"},"east":{"uv":[4,13,5,15.25],"rotation":270,"texture":"#1"},"south":{"uv":[7,13.25,6,12.25],"texture":"#1"},"west":{"uv":[6,13,7,15.25],"rotation":90,"texture":"#1"},"up":{"uv":[5,13,6,15.25],"rotation":180,"texture":"#1"},"down":{"uv":[7,13,8,15.25],"texture":"#1"}}},{"name":"right_leg","from":[8,-0.25,-0.75],"to":[12,9,3.25],"rotation":{"angle":0,"axis":"y","origin":[1,5,8.25]},"faces":{"north":{"uv":[1,5.25,2,8],"texture":"#1"},"east":{"uv":[0,6,1,8],"texture":"#1"},"south":{"uv":[3,5,4,8],"texture":"#1"},"west":{"uv":[2,5,3,8],"texture":"#1"},"up":{"uv":[2,5,1,4],"texture":"#1"},"down":{"uv":[3,4,2,5],"texture":"#1"}}},{"name":"left_leg","from":[4,-0.25,-0.75],"to":[8,9,3.25],"rotation":{"angle":0,"axis":"y","origin":[1,5,8.25]},"faces":{"north":{"uv":[5,13.75,6,16],"texture":"#1"},"east":{"uv":[4,13,5,16],"texture":"#1"},"south":{"uv":[7,13,8,16],"texture":"#1"},"west":{"uv":[6,14.5,6.75,16],"texture":"#1"},"up":{"uv":[6,13,5,12],"texture":"#1"},"down":{"uv":[7,12,6,13],"texture":"#1"}}},{"name":"body_2nd_layer","from":[4,11.02,3.75],"to":[12,24.03,8.75],"rotation":{"angle":0,"axis":"y","origin":[0,0,-1.75]},"faces":{"north":{"uv":[5,9,7,12],"texture":"#1"},"east":{"uv":[4,9,5,12],"texture":"#1"},"south":{"uv":[8,9,10,12],"texture":"#1"},"west":{"uv":[7,9,8,12],"texture":"#1"},"up":{"uv":[7,9,5,8],"texture":"#1"},"down":{"uv":[9,8,7,9],"texture":"#1"}}}]}