{"display":{"gui":{"rotation":[20,-44,0],"translation":[0,-1,0],"scale":[0.5,0.5,0.5]},"head":{"rotation":[9,-180,0],"translation":[0.5,-37,1.75],"scale":[1.5,1.5,1.5]}},"textures":{"1":"models/jw/pianist/pianist","particle":"models/jw/pianist/pianist"},"elements":[{"name":"head_2nd_layer","from":[3.5,23,1.75],"to":[12.5,32,10.75],"rotation":{"angle":0,"axis":"y","origin":[0,0,-1.75]},"faces":{"north":{"uv":[10,2,12,4],"texture":"#1"},"east":{"uv":[8,2,10,4],"texture":"#1"},"south":{"uv":[14,2,16,4],"texture":"#1"},"west":{"uv":[12,2,14,4],"texture":"#1"},"up":{"uv":[12,2,10,0],"texture":"#1"},"down":{"uv":[14,0,12,2],"texture":"#1"}}},{"name":"head_2nd_layer","from":[3.75,23.5,2.25],"to":[12,31.5,10.25],"rotation":{"angle":0,"axis":"y","origin":[0,0,-1.75]},"faces":{"north":{"uv":[2,2,4,4],"texture":"#1"},"east":{"uv":[0,2,2,4],"texture":"#1"},"south":{"uv":[6,2,8,4],"texture":"#1"},"west":{"uv":[4,2,6,4],"texture":"#1"},"up":{"uv":[4,2,2,0],"texture":"#1"},"down":{"uv":[6,0,4,2],"texture":"#1"}}}]}