{"display":{"thirdperson_righthand":{"rotation":[64,0,0],"translation":[-6.25,8.68,0.5]},"head":{"translation":[0,-14,-9.75]}},"textures":{"1":"models/jw/piano/piano"},"elements":[{"from":[5.5,-0.7,9.75],"to":[9,0.8,17.5],"rotation":{"angle":0,"axis":"y","origin":[8,4,17]},"faces":{"north":{"uv":[6.33333,9.66667,10.83333,12.16667],"texture":"#1","tintindex":0},"east":{"uv":[4.66667,7.66667,9.16667,15.66667],"rotation":90,"texture":"#1","tintindex":0},"south":{"uv":[0,0,3.5,1.5],"texture":"#1","tintindex":0},"west":{"uv":[3.66667,6.33333,13.66667,10.83333],"rotation":180,"texture":"#1","tintindex":0},"up":{"uv":[4.5,1.66667,10.83333,5.66667],"rotation":90,"texture":"#1","tintindex":0},"down":{"uv":[0,2,3.5,12],"texture":"#1","tintindex":0}}}]}