{"display":{"thirdperson_righthand":{"rotation":[64,0,0],"translation":[-6.5,8.25,0.5]},"head":{"rotation":[-31,0,0],"translation":[-0.75,-21.5,-12]}},"textures":{"0":"models/jw/piano/piano","particle":"models/jw/piano/piano"},"elements":[{"from":[6.25,0,9.75],"to":[10,1.5,19.95],"rotation":{"angle":0,"axis":"x","origin":[6,4,11]},"faces":{"north":{"uv":[6.66667,9,11.16667,11.5],"texture":"#0","tintindex":0},"east":{"uv":[6,6,10.5,16],"rotation":90,"texture":"#0","tintindex":0},"south":{"uv":[0,0,3.5,1.5],"texture":"#0","tintindex":0},"west":{"uv":[2.33333,6,6.83333,16],"rotation":270,"texture":"#0","tintindex":0},"up":{"uv":[2.16667,1.5,13.66667,6],"rotation":90,"texture":"#0","tintindex":0},"down":{"uv":[0,0,3.5,10],"texture":"#0","tintindex":0}}}]}