{"display":{"gui":{"scale":[0.9,0.9,0.9]}},"parent":"icon","texture_size":[64,64],"textures":{"0":"icons/midi_file_2","particle":"icons/midi_file_2"},"elements":[{"from":[0,0,6],"to":[16,16,7],"faces":{"north":{"uv":[0,0,16,16],"texture":"#0","tintindex":0},"east":{"uv":[0,0,16,16],"texture":"#0","tintindex":0},"south":{"uv":[0,0,16,16],"texture":"#0","tintindex":0},"west":{"uv":[0,0,16,16],"texture":"#0","tintindex":0},"up":{"uv":[0,0,16,16],"texture":"#0","tintindex":0},"down":{"uv":[0,0,16,16],"texture":"#0","tintindex":0}}}],"gui_light":"front"}