{"providers":[{"type":"bitmap","file":"minecraft:icons/notes/a.png","ascent":2,"height":2,"chars":["က"]},{"type":"bitmap","file":"minecraft:icons/notes/aSharp.png","ascent":2,"height":2,"chars":["ခ"]},{"type":"bitmap","file":"minecraft:icons/notes/b.png","ascent":2,"height":2,"chars":["ဂ"]},{"type":"bitmap","file":"minecraft:icons/notes/c.png","ascent":2,"height":2,"chars":["ဃ"]},{"type":"bitmap","file":"minecraft:icons/notes/cSharp.png","ascent":2,"height":2,"chars":["င"]},{"type":"bitmap","file":"minecraft:icons/notes/d.png","ascent":2,"height":2,"chars":["စ"]},{"type":"bitmap","file":"minecraft:icons/notes/dSharp.png","ascent":2,"height":2,"chars":["ဆ"]},{"type":"bitmap","file":"minecraft:icons/notes/e.png","ascent":2,"height":2,"chars":["ဇ"]},{"type":"bitmap","file":"minecraft:icons/notes/f.png","ascent":2,"height":2,"chars":["ဈ"]},{"type":"bitmap","file":"minecraft:icons/notes/fSharp.png","ascent":2,"height":2,"chars":["ဉ"]},{"type":"bitmap","file":"minecraft:icons/notes/g.png","ascent":2,"height":2,"chars":["တ"]},{"type":"bitmap","file":"minecraft:icons/notes/gSharp.png","ascent":2,"height":2,"chars":["ထ"]}]}