{"display":{"thirdperson_righthand":{"rotation":[64,0,0],"translation":[-6.25,8.25,0.5]},"head":{"rotation":[-6.5,0,0],"translation":[0,-26,0],"scale":[0.43,0.42,0.44]}},"textures":{"0":"models/jw/keys/piano_key_pressed","particle":"models/jw/keys/piano_key_pressed"},"elements":[{"from":[6,0,1],"to":[10,3,16],"faces":{"north":{"uv":[0,0,4,3],"texture":"#0","tintindex":0},"east":{"uv":[0,0,15,3],"texture":"#0","tintindex":0},"south":{"uv":[0,0,4,3],"texture":"#0","tintindex":0},"west":{"uv":[0,0,15,3],"texture":"#0","tintindex":0},"up":{"uv":[0,0,4,15],"texture":"#0","tintindex":0},"down":{"uv":[0,0,4,15],"texture":"#0","tintindex":0}}},{"from":[6,3,0],"to":[10,4,16],"rotation":{"angle":0,"axis":"y","origin":[8,4,15]},"faces":{"north":{"uv":[0,0,4,1],"texture":"#0","tintindex":0},"east":{"uv":[0,0,16,1],"texture":"#0","tintindex":0},"south":{"uv":[0,0,4,1],"texture":"#0","tintindex":0},"west":{"uv":[0,0,16,1],"texture":"#0","tintindex":0},"up":{"uv":[0,0,4,16],"texture":"#0","tintindex":0},"down":{"uv":[0,0,4,16],"texture":"#0","tintindex":0}}}]}