{"display":{"head":{"rotation":[-4.5,0,0],"translation":[0,-25.5,0],"scale":[0.43,0.42,0.44]}},"textures":{"0":"models/jw/keys/piano_key_pressed","particle":"models/jw/keys/piano_key_pressed"},"elements":[{"from":[7,0,1],"to":[9,4,16],"faces":{"north":{"uv":[0,0,2,4],"texture":"#0","tintindex":0},"east":{"uv":[0,0,15,4],"texture":"#0","tintindex":0},"south":{"uv":[0,0,2,4],"texture":"#0","tintindex":0},"west":{"uv":[0,0,15,4],"texture":"#0","tintindex":0},"up":{"uv":[0,0,2,15],"texture":"#0","tintindex":0},"down":{"uv":[0,0,2,15],"texture":"#0","tintindex":0}}}]}