{"display":{"gui":{"rotation":[23,130,0],"translation":[0.25,4.75,0]},"head":{"translation":[0,-25.5,0],"scale":[0.43,0.42,0.44]}},"textures":{"0":"models/jw/keys/piano_key"},"elements":[{"from":[6,0,1],"to":[10,3,16],"faces":{"north":{"uv":[0,0,4,3],"texture":"#0","tintindex":0},"east":{"uv":[0,0,15,3],"texture":"#0","tintindex":0},"south":{"uv":[0,0,4,3],"texture":"#0","tintindex":0},"west":{"uv":[0,0,15,3],"texture":"#0","tintindex":0},"up":{"uv":[0,0,4,15],"texture":"#0","tintindex":0},"down":{"uv":[0,0,4,15],"texture":"#0","tintindex":0}}},{"from":[6,3,0],"to":[10,4,16],"faces":{"north":{"uv":[0,0,4,1],"texture":"#0","tintindex":0},"east":{"uv":[0,0,16,1],"texture":"#0","tintindex":0},"south":{"uv":[0,0,4,1],"texture":"#0","tintindex":0},"west":{"uv":[0,0,16,1],"texture":"#0","tintindex":0},"up":{"uv":[0,0,4,16],"texture":"#0","tintindex":0},"down":{"uv":[0,0,4,16],"texture":"#0","tintindex":0}}}]}